order_id,customer_id,service_type,order_created_at,promised_window_hours,pickup_zone,dropoff_zone,priority_level,order_value,booking_channel,special_handling_flag
O00001,C0292,Passenger,8/20/2024 14:43,6,Airport,South,Medium,126.65,App,0
O00002,C0459,Passenger,5/14/2024 22:16,24,North,AIRPORT,Low,109.3,App,0
O00003,C0161,Passenger,9/2/2025 14:37,4,West,AIRPORT,High,33.5,Phone,0
O00004,C0520,Parcel,1/11/2025 17:15,2,RiverSide,North,Medium,10.04,App,1
O00005,C0558,Retail,2/17/2025 19:32,12,Riverside,SOUTH,Low,125.58,Phone,0
O00006,C0437,Retail,8/5/2024 4:55,1,CENTRAL,East,High,151.44,Web,1
O00007,C0001,Business,5/5/2024 21:32,2,CENTRAL,Airport,Low,76.12,App,0
O00008,C0157,Parcel,4/3/2024 17:54,4,Riverside,Riverside,Medium,35.06,Phone,0
O00009,C0141,Retail,10/3/2024 23:49,12,NORTH,East,Critical,78.93,App,0
O00010,C0171,Retail,1/29/2025 0:42,6,South,north,Low,34.55,Phone,0
O00011,C0340,Parcel,8/4/2025 4:19,12,WEST,Central,Low,79.1,Phone,0
O00012,C0567,Business,1/16/2024 12:45,12,East,Airport,Medium,135.67,App,0
O00013,C0234,Retail,3/29/2024 22:11,24,Airport,Central,Medium,302.7,App,0
O00014,C0318,Passenger,8/25/2024 10:12,6,Ctr,Ctr,Low,90.96,Phone,0
O00015,C0300,Business,11/9/2025 3:04,6,SOUTH,East,High,145.58,Web,0
O00016,C0022,Parcel,7/29/2025 11:51,6,Central,Ctr,Medium,92.66,App,0
O00017,C0499,Parcel,5/27/2025 9:12,24,AIRPORT,South,Low,60.9,App,0
O00018,C0506,Passenger,3/8/2024 22:19,6,NORTH,Riverside,High,121.11,Phone,0
O00019,C0425,Passenger,3/31/2024 7:18,6,North,CENTRAL,Low,56.26,Phone,0
O00020,C0249,Retail,5/9/2024 22:25,2,West,AIRPORT,Medium,100.78,App,0
O00021,C0218,Passenger,10/16/2024 11:25,2,WEST,NORTH,Medium,49.99,Web,0
O00022,C0594,Retail,4/20/2025 20:56,12,RiverSide,CENTRAL,Medium,134.88,Phone,0
O00023,C0077,Passenger,10/5/2025 4:59,4,north,north,Medium,122.25,App,0
O00024,C0397,Passenger,10/10/2024 5:01,6,South,Riverside,High,132.2,App,1
O00025,C0297,Passenger,1/10/2025 21:51,6,North,RiverSide,Critical,66.51,App,0
O00026,C0193,Parcel,11/10/2025 22:22,24,East,West,High,51.09,App,0
O00027,C0024,Parcel,2/26/2025 0:42,4,Riverside,north,Medium,96.62,App,0
O00028,C0160,Retail,12/21/2025 22:29,4,NORTH,South,High,59.44,App,0
O00029,C0366,Medical,9/11/2024 12:22,24,EAST,Ctr,Medium,190.94,Web,0
O00030,C0406,Medical,10/5/2025 3:11,12,north,EAST,Low,44.84,App,0
O00031,C0573,Passenger,10/25/2024 3:17,24,EAST,AIRPORT,Medium,55.14,App,0
O00032,C0297,Passenger,9/15/2025 23:14,1,CENTRAL,East,Medium,126.43,App,1
O00033,C0471,Retail,12/30/2025 21:02,6,NORTH,East,Low,36.7,Phone,1
O00034,C0023,Retail,2/18/2025 1:38,2,North,South,Low,40.88,App,0
O00035,C0524,Business,6/14/2024 13:12,4,north,CENTRAL,Medium,209.07,Web,0
O00036,C0126,Parcel,11/6/2024 4:24,4,Riverside,North,Medium,73.14,App,0
O00037,C0015,Retail,2/10/2024 17:19,24,EAST,Airport,Low,119.31,Phone,0
O00038,C0142,Retail,10/6/2025 20:11,2,Riverside,EAST,Medium,168.48,Phone,0
O00039,C0351,Parcel,8/1/2025 7:36,6,East,RiverSide,Low,54.85,Web,1
O00040,C0014,Parcel,5/24/2025 22:33,1,North,AIRPORT,Low,74.65,App,0
O00041,C0243,Retail,9/17/2024 13:42,12,RiverSide,West,Low,19.15,App,0
O00042,C0606,Retail,12/1/2025 18:22,24,Riverside,Ctr,Medium,133.72,Phone,1
O00043,C0416,Retail,1/1/2024 3:53,12,EAST,RiverSide,Medium,48.59,API,0
O00044,C0227,Business,11/2/2025 9:57,4,West,Riverside,Medium,61.45,Phone,1
O00045,C0326,Parcel,2/13/2024 18:38,6,SOUTH,AIRPORT,Critical,56.64,,0
O00046,C0538,Parcel,12/13/2025 1:15,4,NORTH,CENTRAL,High,85.48,App,0
O00047,C0220,Medical,11/28/2025 3:02,2,WEST,north,Medium,39.57,App,0
O00048,C0145,Medical,11/22/2024 6:49,4,RiverSide,NORTH,Low,43.37,App,0
O00049,C0380,Passenger,12/19/2024 23:58,2,WEST,SOUTH,Low,66.46,Phone,1
O00050,C0544,Passenger,3/29/2024 13:44,1,NORTH,Ctr,Low,33.93,App,0
O00051,C0185,Business,2/7/2025 23:39,12,AIRPORT,EAST,Critical,14.48,Web,1
O00052,C0150,Retail,8/14/2024 8:33,12,north,Riverside,Medium,293.65,API,0
O00053,C0054,Parcel,4/2/2024 11:27,24,East,East,Low,73.56,App,0
O00054,C0478,Medical,3/29/2025 10:44,4,NORTH,north,Low,54.41,Web,0
O00055,C0454,Retail,5/30/2025 23:44,2,Airport,RiverSide,Medium,73.7,App,0
O00056,C0271,Parcel,10/5/2025 20:28,4,South,CENTRAL,High,160.35,Web,0
O00057,C0226,Business,6/4/2025 1:43,4,East,North,Medium,194.03,App,0
O00058,C0083,Passenger,12/16/2025 6:27,2,South,EAST,Critical,51.95,Web,0
O00059,C0640,Passenger,11/20/2025 16:54,2,CENTRAL,Airport,Medium,20.32,Web,0
O00060,C0258,Medical,5/10/2024 15:48,6,north,EAST,Critical,37.52,Web,0
O00061,C0289,Passenger,7/12/2024 1:44,6,AIRPORT,north,High,238.9,Web,1
O00062,C0177,Passenger,7/26/2025 8:11,4,West,AIRPORT,Medium,45.44,Web,0
O00063,C0168,Retail,7/13/2025 5:49,12,SOUTH,AIRPORT,Low,57.56,App,0
O00064,C0346,Business,10/14/2025 7:34,12,Central,RiverSide,High,45.43,App,0
O00065,C0285,Parcel,9/23/2024 7:03,4,SOUTH,West,High,61.59,App,0
O00066,C0421,Passenger,6/21/2024 11:22,4,SOUTH,EAST,Low,237.58,App,0
O00067,C0339,Passenger,2/25/2025 2:12,6,WEST,WEST,Critical,131.1,Web,0
O00068,C0084,Parcel,10/13/2025 9:08,2,RiverSide,East,Medium,40.58,App,0
O00069,C0369,Passenger,5/19/2024 21:45,12,AIRPORT,RiverSide,Medium,103.29,Phone,1
O00070,C0125,Retail,5/13/2025 21:30,4,Ctr,AIRPORT,Low,165.63,App,0
O00071,C0109,Medical,8/31/2024 22:15,1,North,SOUTH,Low,157.58,Phone,0
O00072,C0060,Medical,1/7/2024 16:44,2,WEST,Riverside,Medium,7.32,App,0
O00073,C0331,Passenger,3/31/2025 4:59,4,Ctr,South,High,30.82,App,0
O00074,C0644,Parcel,10/18/2025 11:44,6,Riverside,Riverside,Critical,20.6,App,0
O00075,C0026,Business,11/2/2024 4:56,2,North,East,Medium,85.65,Web,0
O00076,C0075,Retail,12/25/2025 4:37,4,Ctr,Riverside,Low,100.62,Phone,0
O00077,C0543,Medical,7/30/2025 7:21,4,RiverSide,CENTRAL,Low,150.98,App,0
O00078,C0434,Parcel,10/6/2025 3:35,6,WEST,Riverside,Medium,94.04,App,0
O00079,C0353,Parcel,3/10/2025 5:43,2,WEST,AIRPORT,Medium,48.85,App,0
O00080,C0082,Parcel,11/13/2025 4:38,4,SOUTH,SOUTH,Medium,135.71,App,0
O00081,C0004,Passenger,4/17/2025 12:53,6,WEST,Airport,Low,208.38,App,0
O00082,C0531,Retail,7/30/2024 3:44,12,Central,WEST,Medium,36.55,App,0
O00083,C0215,Medical,10/23/2024 0:23,2,Airport,SOUTH,Low,127.88,App,0
O00084,C0103,Passenger,5/13/2025 6:02,4,West,North,High,157.73,Phone,1
O00085,C0505,Passenger,3/2/2024 8:19,4,north,Riverside,Low,23.13,App,0
O00086,C0255,Passenger,7/20/2024 3:44,4,CENTRAL,AIRPORT,High,66.09,App,0
O00087,C0476,Business,11/12/2024 14:07,4,SOUTH,north,Critical,56.73,Phone,0
O00088,C0157,Medical,6/14/2024 10:28,24,RiverSide,East,Low,101.67,App,0
O00089,C0339,Medical,4/24/2025 18:23,6,South,North,High,52.58,Web,1
O00090,C0490,Business,10/23/2024 5:35,4,RiverSide,SOUTH,Medium,86.48,App,0
O00091,C0564,Parcel,3/14/2024 1:00,6,West,AIRPORT,Critical,43.61,Web,0
O00092,C0268,Retail,4/24/2025 15:05,6,SOUTH,East,Medium,56.53,Web,0
O00093,C0083,Business,12/5/2024 23:36,4,Ctr,West,Low,184.11,Web,0
O00094,C0361,Parcel,9/27/2024 3:41,6,Airport,NORTH,Medium,62.08,Phone,0
O00095,C0378,Medical,5/15/2025 13:31,24,SOUTH,NORTH,Low,103.06,App,0
O00096,C0441,Business,7/13/2024 17:20,2,North,WEST,Critical,153.48,Web,0
O00097,C0303,Parcel,1/9/2024 11:58,24,Airport,Airport,Medium,72.64,App,1
O00098,C0586,Passenger,4/3/2024 20:18,1,North,SOUTH,Medium,79.53,Phone,0
O00099,C0079,Retail,10/4/2025 19:59,12,AIRPORT,EAST,Low,75.64,App,0
O00100,C0300,Passenger,10/30/2025 22:16,6,RiverSide,NORTH,Medium,23.64,Web,0
O00101,C0633,Parcel,10/30/2025 7:05,24,WEST,WEST,Low,42.02,App,0
O00102,C0253,Passenger,5/21/2024 23:01,2,CENTRAL,north,High,146.42,App,0
O00103,C0456,Business,1/26/2024 12:53,12,SOUTH,WEST,Low,77.37,App,0
O00104,C0395,Passenger,5/28/2024 9:23,4,EAST,Central,Medium,34.3,Web,0
O00105,C0070,Passenger,7/9/2024 20:33,4,north,EAST,High,18.19,Web,0
O00106,C0065,Business,11/29/2025 5:06,6,East,Riverside,Low,68.37,App,0
O00107,C0205,Medical,11/13/2024 23:39,2,RiverSide,Ctr,Low,182.35,App,0
O00108,C0046,Medical,11/30/2024 12:11,12,WEST,EAST,Medium,70.18,App,0
O00109,C0427,Medical,10/24/2025 11:20,4,WEST,EAST,Medium,9.68,App,0
O00110,C0446,Passenger,8/23/2024 11:08,4,Central,South,Low,72.23,App,0
O00111,C0521,Retail,7/18/2025 11:53,24,EAST,Central,Medium,52.06,Web,0
O00112,C0051,Passenger,9/16/2024 7:03,2,CENTRAL,West,Medium,86.44,App,0
O00113,C0640,Business,2/12/2024 3:36,2,EAST,north,High,113.54,App,0
O00114,C0144,Business,10/5/2025 22:25,12,SOUTH,Riverside,High,15.52,App,1
O00115,C0157,Passenger,2/21/2024 6:31,6,East,north,High,256.93,Web,0
O00116,C0452,Passenger,3/9/2025 15:46,4,NORTH,Airport,Low,56.59,API,0
O00117,C0516,Passenger,6/10/2024 9:38,12,EAST,SOUTH,Medium,87.81,Phone,0
O00118,C0087,Retail,8/18/2025 20:05,6,South,SOUTH,Medium,74.68,App,0
O00119,C0229,Medical,5/25/2024 22:14,4,NORTH,NORTH,Low,66.42,App,0
O00120,C0182,Passenger,6/16/2024 4:28,6,Airport,NORTH,Medium,85.27,Phone,1
O00121,C0604,Parcel,10/14/2025 12:05,6,EAST,NORTH,Medium,75.67,App,1
O00122,C0597,Medical,2/10/2024 14:30,1,RiverSide,NORTH,Medium,27.55,App,0
O00123,C0649,Retail,7/14/2024 6:46,2,WEST,EAST,High,21.55,App,0
O00124,C0481,Passenger,1/16/2025 0:02,24,CENTRAL,Airport,Low,34.31,Web,1
O00125,C0191,Retail,9/17/2025 16:27,24,West,South,Medium,70.05,App,0
O00126,C0146,Parcel,5/26/2024 9:04,12,AIRPORT,South,Medium,55.22,Web,0
O00127,C0572,Parcel,11/8/2025 1:32,2,East,North,Medium,171.31,App,0
O00128,C0611,Medical,12/28/2025 13:56,24,Airport,Airport,Medium,136.66,App,0
O00129,C0538,Retail,12/12/2024 2:28,12,Central,north,High,63.08,Phone,0
O00130,C0259,Passenger,1/10/2024 21:52,6,Central,Airport,Medium,77.97,App,0
O00131,C0478,Retail,6/29/2024 23:10,24,East,WEST,Medium,14.11,App,0
O00132,C0224,Passenger,1/22/2025 9:00,2,Ctr,CENTRAL,Medium,11.07,App,0
O00133,C0365,Passenger,3/29/2025 18:43,24,Airport,North,Medium,128.19,API,1
O00134,C0010,Parcel,12/22/2024 18:12,4,South,West,Critical,23.34,App,0
O00135,C0364,Passenger,4/25/2025 2:34,24,RiverSide,North,Low,118.96,App,0
O00136,C0413,Medical,11/27/2024 16:29,1,North,South,High,20.82,App,0
O00137,C0295,Parcel,3/14/2025 17:58,12,East,SOUTH,High,81.5,App,0
O00138,C0149,Business,10/2/2025 4:25,2,South,AIRPORT,Medium,99.38,Phone,0
O00139,C0545,Retail,9/15/2025 19:05,2,WEST,AIRPORT,High,4.22,Web,0
O00140,C0621,Passenger,3/2/2024 23:43,4,NORTH,North,Low,89.5,App,0
O00141,C0605,Business,12/5/2024 19:42,1,North,SOUTH,High,83.09,Web,0
O00142,C0628,Retail,10/31/2024 18:36,12,Ctr,Airport,High,83.93,API,0
O00143,C0545,Passenger,3/7/2025 11:30,24,Ctr,CENTRAL,Medium,69.38,App,0
O00144,C0063,Business,11/3/2025 20:08,4,Riverside,Central,High,288.86,App,0
O00145,C0595,Business,11/2/2024 10:33,12,North,RiverSide,Medium,35.95,App,0
O00146,C0168,Passenger,10/10/2025 0:54,12,East,South,Medium,14.05,Web,0
O00147,C0096,Retail,7/12/2024 7:43,6,North,WEST,Critical,32.27,App,0
O00148,C0401,Medical,4/3/2025 22:05,2,EAST,EAST,High,86.3,Phone,0
O00149,C0289,Business,5/30/2024 21:37,4,West,North,High,31.06,App,0
O00150,C0246,Business,1/15/2025 17:37,6,West,RiverSide,Medium,136.44,Web,0
O00151,C0446,Retail,3/2/2025 11:33,4,WEST,EAST,Medium,179.57,Web,0
O00152,C0239,Retail,9/3/2024 18:28,24,EAST,North,Medium,139.65,Web,0
O00153,C0378,Parcel,2/9/2025 8:07,24,NORTH,Airport,Low,33.01,Web,0
O00154,C0535,Business,8/20/2024 5:56,12,North,Airport,Low,105.88,Web,1
O00155,C0039,Retail,7/26/2024 17:47,24,South,CENTRAL,Low,155.77,Phone,0
O00156,C0035,Parcel,4/24/2024 7:55,6,West,NORTH,Medium,68.58,Web,1
O00157,C0513,Business,9/16/2024 20:06,2,AIRPORT,North,Low,60.52,API,0
O00158,C0620,Business,7/11/2024 16:42,24,Central,West,High,67.81,Phone,0
O00159,C0505,Parcel,9/14/2024 22:31,12,North,South,Low,105.17,API,0
O00160,C0478,Parcel,8/20/2024 17:29,6,Central,EAST,High,68.1,Web,0
O00161,C0025,Parcel,8/19/2024 17:36,12,South,AIRPORT,High,123.09,Phone,0
O00162,C0476,Business,12/14/2025 3:47,12,South,Ctr,Medium,139.13,App,0
O00163,C0583,Parcel,6/9/2025 18:36,4,Central,north,Low,67.97,Phone,1
O00164,C0622,Parcel,3/23/2024 13:43,24,South,Ctr,Low,211.8,App,0
O00165,C0275,Retail,3/16/2024 14:08,24,NORTH,Central,Low,122.59,App,0
O00166,C0517,Passenger,5/30/2025 17:32,4,East,South,Medium,76.66,App,0
O00167,C0325,Medical,4/27/2024 20:46,24,East,EAST,Medium,24.78,API,0
O00168,C0464,Parcel,6/11/2025 3:29,6,CENTRAL,RiverSide,High,115.35,Web,0
O00169,C0399,Retail,12/3/2025 12:34,4,East,North,Medium,84.09,App,1
O00170,C0005,Business,6/24/2024 6:36,4,Airport,Airport,High,58.3,App,1
O00171,C0447,Parcel,5/1/2025 2:08,1,Airport,AIRPORT,Critical,63.41,App,0
O00172,C0343,Passenger,1/17/2025 19:03,4,East,West,High,108.19,App,0
O00173,C0371,Passenger,2/18/2025 7:03,2,Ctr,Central,Critical,249.32,App,1
O00174,C0537,Passenger,1/16/2025 1:00,4,CENTRAL,north,Low,19.65,Web,0
O00175,C0562,Business,12/19/2025 19:13,4,Riverside,West,High,150.9,App,0
O00176,C0479,Retail,4/15/2025 9:07,4,CENTRAL,Ctr,Medium,14.76,Phone,0
O00177,C0477,Passenger,12/25/2025 4:27,6,North,WEST,Low,109.36,Web,0
O00178,C0287,Medical,3/30/2024 19:55,4,EAST,South,Low,55.9,App,0
O00179,C0343,Parcel,7/25/2024 18:07,12,CENTRAL,RiverSide,Medium,52.96,Web,1
O00180,C0615,Parcel,12/29/2024 5:23,24,CENTRAL,North,Low,54.32,Phone,0
O00181,C0252,Retail,12/15/2024 23:43,2,AIRPORT,AIRPORT,Critical,108.19,API,1
O00182,C0258,Passenger,1/12/2024 8:07,2,WEST,WEST,Medium,109.03,Web,0
O00183,C0102,Business,9/2/2024 11:32,4,SOUTH,RiverSide,Critical,11.5,App,0
O00184,C0394,Parcel,6/21/2025 11:46,2,Central,RiverSide,Medium,51.44,API,0
O00185,C0482,Retail,5/15/2025 1:52,24,EAST,Central,Low,62.26,Web,0
O00186,C0007,Parcel,9/10/2025 11:06,1,East,West,Low,7.45,API,0
O00187,C0070,Medical,12/30/2024 17:20,12,South,East,Medium,49.72,App,0
O00188,C0558,Passenger,9/9/2025 3:02,4,Riverside,Ctr,Medium,138.45,App,1
O00189,C0388,Parcel,11/22/2025 7:16,4,North,north,Low,14.46,App,0
O00190,C0622,Parcel,12/28/2024 6:44,1,South,north,Medium,31.72,Phone,0
O00191,C0641,Parcel,4/2/2025 0:53,12,CENTRAL,north,Medium,151.09,Phone,1
O00192,C0404,Retail,8/18/2025 14:07,24,Ctr,NORTH,High,83.79,App,1
O00193,C0114,Business,1/22/2024 15:07,4,East,Ctr,Medium,202.67,App,1
O00194,C0191,Passenger,3/16/2024 8:11,1,CENTRAL,RiverSide,Low,92.07,Web,1
O00195,C0404,Retail,6/2/2024 17:59,12,Ctr,East,Medium,18.03,App,1
O00196,C0314,Retail,10/23/2024 21:42,6,Ctr,CENTRAL,High,151.74,App,0
O00197,C0420,Retail,1/24/2025 4:37,2,north,EAST,Medium,175.96,Phone,0
O00198,C0487,Parcel,9/13/2024 17:44,2,West,Central,Low,21.51,Web,0
O00199,C0595,Retail,10/2/2024 14:00,12,NORTH,north,High,62.65,,0
O00200,C0060,Passenger,1/26/2024 10:09,4,Ctr,RiverSide,High,94.52,,0
O00201,C0486,Passenger,5/13/2025 16:30,4,north,South,Medium,118.29,Web,0
O00202,C0449,Passenger,2/2/2024 1:04,1,South,West,Low,20.68,Web,0
O00203,C0336,Business,7/5/2024 19:52,6,CENTRAL,AIRPORT,High,84.76,Web,0
O00204,C0355,Passenger,10/22/2025 21:38,12,AIRPORT,WEST,High,61.59,App,0
O00205,C0246,Parcel,2/5/2025 15:10,6,North,SOUTH,Medium,63.36,App,1
O00206,C0255,Parcel,12/10/2025 14:25,4,SOUTH,EAST,Low,20.86,App,1
O00207,C0023,Business,8/22/2024 19:33,6,Ctr,RiverSide,Medium,80.33,App,0
O00208,C0359,Passenger,3/18/2024 11:21,2,WEST,RiverSide,High,90.19,Phone,1
O00209,C0201,Retail,6/24/2025 6:19,4,Airport,RiverSide,Critical,178.55,App,1
O00210,C0347,Parcel,5/14/2024 18:39,4,East,WEST,High,106.23,Phone,0
O00211,C0488,Business,2/14/2024 6:10,6,Airport,EAST,Medium,43.29,App,1
O00212,C0121,Parcel,1/4/2025 23:29,4,EAST,Ctr,High,128.36,API,0
O00213,C0512,Parcel,12/5/2024 18:29,12,West,RiverSide,Low,161.85,Phone,1
O00214,C0088,Business,2/1/2025 11:20,2,EAST,East,High,102.83,App,0
O00215,C0341,Business,1/7/2024 10:37,1,West,West,Medium,84.03,Phone,1
O00216,C0629,Retail,5/10/2025 10:14,4,north,West,Critical,220.83,,0
O00217,C0331,Retail,1/22/2024 7:29,24,Airport,Airport,Medium,40.42,Phone,1
O00218,C0154,Passenger,9/15/2025 1:40,2,north,West,Critical,77.97,App,0
O00219,C0421,Passenger,5/29/2024 23:42,2,East,South,Medium,62.84,App,0
O00220,C0428,Medical,5/27/2024 8:24,6,CENTRAL,West,Low,136.63,Phone,0
O00221,C0298,Parcel,10/6/2024 2:32,12,SOUTH,Airport,Medium,16.07,Phone,0
O00222,C0266,Parcel,9/25/2024 11:36,4,Riverside,WEST,High,27.35,Phone,0
O00223,C0172,Retail,8/10/2025 16:37,4,Ctr,AIRPORT,High,178.85,Web,0
O00224,C0045,Parcel,5/22/2024 22:02,24,NORTH,Central,High,46.15,App,1
O00225,C0290,Retail,7/28/2025 3:55,1,RiverSide,RiverSide,Medium,25.8,,0
O00226,C0292,Parcel,7/23/2024 13:40,24,EAST,north,Medium,63.79,App,0
O00227,C0174,Business,8/8/2025 20:06,4,AIRPORT,NORTH,Medium,21.79,App,0
O00228,C0242,Parcel,1/6/2025 9:50,6,East,AIRPORT,High,87.21,Web,0
O00229,C0335,Passenger,8/31/2024 4:43,6,CENTRAL,Riverside,Medium,33.48,App,0
O00230,C0533,Passenger,3/14/2024 9:48,1,CENTRAL,north,Low,25.84,App,1
O00231,C0250,Passenger,12/15/2024 23:23,6,East,South,Low,69.44,,0
O00232,C0533,Retail,6/5/2025 20:15,6,RiverSide,Central,Medium,122.94,API,1
O00233,C0252,Parcel,12/24/2024 17:45,1,Riverside,South,High,100.64,Phone,1
O00234,C0145,Parcel,2/19/2025 10:03,6,South,RiverSide,Low,42.01,Web,0
O00235,C0502,Retail,12/22/2025 10:42,2,Ctr,Central,Medium,27.53,Phone,0
O00236,C0429,Business,11/26/2024 15:32,2,EAST,South,Medium,118.24,App,0
O00237,C0431,Parcel,1/11/2025 7:51,24,RiverSide,SOUTH,Low,19.51,Web,0
O00238,C0141,Parcel,8/28/2024 11:09,4,SOUTH,West,Critical,192.22,Phone,1
O00239,C0399,Parcel,5/18/2024 6:00,4,Ctr,Central,Low,31.43,App,0
O00240,C0289,Passenger,11/18/2025 14:25,2,EAST,AIRPORT,Low,71.85,App,0
O00241,C0117,Parcel,4/1/2025 12:36,2,West,north,Low,99.3,App,1
O00242,C0587,Retail,11/5/2024 5:37,1,Ctr,WEST,High,42.77,App,0
O00243,C0153,Passenger,3/8/2024 4:19,6,SOUTH,West,Low,64.73,Phone,0
O00244,C0519,Passenger,11/11/2024 8:46,1,NORTH,RiverSide,Medium,225.95,API,0
O00245,C0096,Parcel,8/8/2025 17:42,4,South,South,Low,21.06,App,1
O00246,C0023,Parcel,12/14/2024 2:58,4,EAST,Riverside,Medium,68.11,Web,0
O00247,C0613,Parcel,7/13/2024 18:59,4,East,South,High,124.3,App,0
O00248,C0153,Passenger,3/22/2024 18:11,4,South,AIRPORT,Medium,16.18,Phone,0
O00249,C0566,Business,11/7/2024 18:22,2,CENTRAL,West,Critical,218.68,App,0
O00250,C0300,Passenger,4/24/2025 11:49,24,Central,NORTH,Medium,9.42,App,0
O00251,C0581,Parcel,12/7/2025 13:46,1,RiverSide,SOUTH,Medium,42.45,App,0
O00252,C0232,Parcel,3/10/2024 15:20,1,EAST,north,Low,66.88,Phone,0
O00253,C0543,Retail,6/28/2024 8:57,4,Ctr,WEST,High,144.86,Web,0
O00254,C0097,Parcel,9/20/2024 17:01,4,north,WEST,Medium,115.81,App,0
O00255,C0225,Retail,6/17/2024 20:17,12,SOUTH,CENTRAL,Critical,139.77,Phone,0
O00256,C0564,Retail,8/30/2024 22:01,6,north,North,High,131.08,App,0
O00257,C0128,Passenger,8/11/2024 1:25,6,South,north,Critical,87.95,Phone,1
O00258,C0107,Business,4/3/2025 6:57,4,Central,West,Low,98.81,App,0
O00259,C0122,Retail,9/9/2025 9:55,24,South,EAST,High,172.55,App,1
O00260,C0597,Parcel,5/28/2025 20:06,6,Central,Riverside,Low,198.61,App,1
O00261,C0003,Passenger,7/20/2024 7:46,12,WEST,EAST,Low,165.8,App,0
O00262,C0265,Passenger,2/28/2024 4:38,6,CENTRAL,Central,High,151.47,Phone,1
O00263,C0031,Parcel,2/19/2024 2:04,2,West,Central,Low,63.35,App,0
O00264,C0633,Business,8/12/2025 10:46,6,EAST,AIRPORT,Medium,113.96,App,1
O00265,C0244,Parcel,5/19/2024 0:12,4,RiverSide,South,Medium,20.51,App,0
O00266,C0345,Business,10/4/2024 17:41,2,Ctr,North,High,41.27,App,1
O00267,C0256,Parcel,1/16/2024 20:20,6,AIRPORT,North,Low,98.71,App,0
O00268,C0475,Medical,1/29/2024 6:20,4,West,West,Medium,71.4,App,1
O00269,C0175,Passenger,11/30/2024 23:01,6,north,RiverSide,Medium,19.29,App,0
O00270,C0561,Business,10/26/2025 15:25,4,WEST,CENTRAL,Medium,140.61,App,1
O00271,C0381,Passenger,9/16/2025 21:51,4,WEST,Ctr,Critical,192.54,App,0
O00272,C0647,Retail,12/11/2024 5:03,24,Riverside,CENTRAL,Medium,55.63,App,0
O00273,C0642,Retail,2/28/2025 1:05,24,Central,WEST,Medium,16.14,App,0
O00274,C0086,Passenger,10/3/2025 19:21,24,NORTH,West,High,90.93,App,1
O00275,C0473,Business,5/21/2025 19:25,6,SOUTH,EAST,Medium,142.68,App,0
O00276,C0442,Parcel,9/20/2024 14:55,6,Central,EAST,Medium,61.64,App,0
O00277,C0329,Passenger,1/14/2024 0:59,6,West,Central,Medium,107.13,Phone,0
O00278,C0183,Passenger,11/20/2024 18:41,12,Ctr,NORTH,High,32.25,Phone,0
O00279,C0246,Business,11/16/2024 1:26,12,WEST,RiverSide,Medium,61.44,App,0
O00280,C0206,Passenger,9/20/2025 22:46,12,EAST,AIRPORT,Critical,151.49,App,1
O00281,C0437,Passenger,12/3/2024 5:05,4,AIRPORT,north,Low,47.49,Web,0
O00282,C0630,Parcel,1/20/2024 4:13,6,South,West,Medium,207.38,Web,0
O00283,C0430,Business,5/26/2024 16:49,6,north,WEST,Medium,177.07,App,0
O00284,C0363,Passenger,4/2/2024 11:52,24,north,AIRPORT,High,116.68,Phone,0
O00285,C0180,Business,1/5/2025 13:22,4,north,North,High,106.65,App,0
O00286,C0402,Business,7/5/2025 21:37,6,WEST,EAST,Low,84.75,App,0
O00287,C0201,Retail,7/22/2025 4:42,1,WEST,Airport,Low,68.14,Phone,0
O00288,C0542,Medical,9/8/2025 18:21,4,SOUTH,CENTRAL,Low,56.47,App,0
O00289,C0574,Parcel,8/23/2024 23:39,24,north,East,High,20.53,App,0
O00290,C0028,Medical,9/21/2024 22:30,2,CENTRAL,WEST,High,54.76,App,0
O00291,C0198,Business,2/2/2024 20:19,4,AIRPORT,SOUTH,Low,116.22,Web,0
O00292,C0060,Parcel,10/29/2025 17:45,12,Ctr,West,Medium,59.59,App,0
O00293,C0165,Parcel,4/9/2025 17:17,6,Ctr,East,Critical,67.89,App,0
O00294,C0486,Parcel,1/5/2025 16:33,1,AIRPORT,AIRPORT,Low,82.04,App,0
O00295,C0123,Passenger,10/7/2024 4:16,2,East,NORTH,Medium,45.46,App,0
O00296,C0400,Retail,1/10/2024 17:30,6,South,North,Medium,10.85,App,0
O00297,C0560,Passenger,4/12/2024 20:51,6,Airport,RiverSide,Low,151.53,Web,0
O00298,C0184,Parcel,1/6/2025 4:40,4,WEST,north,Low,28.65,Web,0
O00299,C0566,Retail,8/21/2024 12:48,6,South,Ctr,Low,172.53,API,0
O00300,C0512,Retail,4/2/2024 0:39,4,Riverside,SOUTH,Low,33.34,App,1
O00301,C0181,Business,5/17/2024 3:03,6,EAST,Riverside,Medium,63.32,App,0
O00302,C0558,Retail,7/10/2025 16:13,24,RiverSide,CENTRAL,High,228.25,Web,0
O00303,C0514,Retail,7/22/2025 5:16,4,Central,South,Medium,48.67,Web,0
O00304,C0253,Passenger,9/12/2025 11:47,12,EAST,RiverSide,High,134.68,App,0
O00305,C0322,Parcel,6/1/2024 5:55,24,Riverside,AIRPORT,Low,46.14,Phone,0
O00306,C0613,Passenger,6/14/2024 16:01,4,NORTH,NORTH,Low,42.22,Phone,0
O00307,C0343,Parcel,12/25/2024 22:15,4,EAST,Riverside,Low,73.14,App,0
O00308,C0458,Passenger,3/28/2025 15:13,12,Airport,WEST,Medium,100.44,API,0
O00309,C0073,Parcel,10/13/2025 11:57,1,South,Airport,Medium,175.54,Phone,0
O00310,C0094,Retail,2/2/2025 14:13,24,Central,WEST,High,28.08,App,0
O00311,C0215,Medical,11/27/2024 0:06,12,Central,SOUTH,High,167.59,Phone,0
O00312,C0164,Passenger,11/6/2025 23:00,6,East,East,Medium,124.24,App,0
O00313,C0616,Medical,3/8/2024 20:58,24,SOUTH,north,Low,11.11,App,0
O00314,C0626,Medical,2/15/2025 21:55,6,EAST,EAST,High,39.37,Web,0
O00315,C0494,Parcel,12/25/2024 1:14,4,north,South,Low,159.29,App,0
O00316,C0094,Medical,7/31/2025 12:26,6,West,WEST,Low,53.63,App,0
O00317,C0094,Passenger,1/19/2025 21:40,6,RiverSide,WEST,High,236.09,App,1
O00318,C0009,Retail,8/17/2024 0:16,6,RiverSide,South,Low,84.27,Web,1
O00319,C0335,Business,1/22/2024 8:45,24,Ctr,AIRPORT,Low,124.48,App,0
O00320,C0519,Parcel,3/20/2025 7:14,1,Central,WEST,High,97.13,Phone,0
O00321,C0016,Medical,12/28/2024 6:20,4,Central,West,Medium,97.42,Web,0
O00322,C0495,Business,3/11/2025 20:17,4,Ctr,SOUTH,High,61.55,App,0
O00323,C0487,Retail,11/1/2024 15:13,4,South,north,Low,22.09,Phone,0
O00324,C0019,Passenger,8/6/2025 5:30,1,South,Riverside,High,131.3,App,1
O00325,C0259,Passenger,9/30/2024 4:52,2,north,South,Medium,70.71,Web,0
O00326,C0178,Passenger,11/3/2024 9:05,12,WEST,WEST,Medium,242.48,Web,0
O00327,C0435,Retail,12/5/2024 0:31,4,NORTH,north,Low,90.61,API,0
O00328,C0491,Business,9/12/2024 5:20,2,East,South,Medium,37.78,App,0
O00329,C0278,Parcel,11/30/2025 19:38,6,Central,South,Medium,7.02,Web,1
O00330,C0172,Medical,4/8/2025 6:37,1,West,Riverside,Medium,49.61,Web,0
O00331,C0399,Parcel,2/23/2024 6:54,6,RiverSide,East,Medium,36.77,App,0
O00332,C0110,Business,1/4/2025 1:49,12,North,RiverSide,Medium,93.33,Phone,0
O00333,C0123,Medical,3/25/2025 5:27,6,EAST,Central,Medium,71.97,App,0
O00334,C0500,Parcel,5/23/2024 9:43,4,RiverSide,SOUTH,High,62.54,API,0
O00335,C0482,Passenger,1/26/2024 3:09,24,North,Airport,High,227.61,API,1
O00336,C0115,Retail,1/10/2024 4:58,6,West,Ctr,Critical,108.38,App,0
O00337,C0463,Retail,11/5/2024 4:32,6,West,AIRPORT,Critical,68.13,App,1
O00338,C0648,Passenger,12/26/2024 3:48,6,RiverSide,Riverside,Medium,38.31,App,0
O00339,C0301,Medical,6/21/2024 14:43,2,Airport,North,High,238.92,Web,0
O00340,C0127,Retail,2/10/2025 2:26,2,Ctr,Airport,High,89.8,App,0
O00341,C0026,Retail,12/13/2024 20:58,4,RiverSide,EAST,Medium,36.59,App,0
O00342,C0643,Passenger,11/12/2025 22:25,6,north,SOUTH,Low,187.9,Web,0
O00343,C0184,Business,12/9/2024 1:37,2,Ctr,SOUTH,Medium,81.36,App,0
O00344,C0594,Parcel,8/28/2024 6:50,6,CENTRAL,North,Medium,104.62,API,1
O00345,C0337,Retail,10/4/2025 22:00,6,East,CENTRAL,High,27.35,Phone,0
O00346,C0500,Retail,2/8/2024 4:32,2,Riverside,East,Medium,84.74,App,0
O00347,C0004,Parcel,9/1/2025 7:36,12,SOUTH,SOUTH,Medium,78.58,,0
O00348,C0372,Parcel,3/16/2025 22:06,2,NORTH,SOUTH,High,58.25,Web,0
O00349,C0161,Business,1/21/2024 1:57,2,NORTH,Central,Medium,55.21,API,0
O00350,C0197,Retail,11/20/2024 2:56,4,East,WEST,High,13.42,App,0
O00351,C0259,Parcel,4/22/2024 3:31,1,AIRPORT,WEST,Medium,20.77,Web,1
O00352,C0097,Parcel,5/19/2024 16:27,4,Airport,North,Low,271.29,App,0
O00353,C0354,Business,1/3/2024 5:14,4,WEST,Airport,Low,135.85,Phone,0
O00354,C0154,Parcel,12/2/2025 17:09,2,EAST,Riverside,Low,78.37,Web,0
O00355,C0006,Passenger,10/10/2025 23:34,4,Riverside,Riverside,Medium,59.47,App,0
O00356,C0430,Medical,5/27/2025 3:33,4,RiverSide,AIRPORT,Medium,64.6,App,0
O00357,C0608,Retail,12/28/2024 15:58,2,Central,South,Medium,171.28,Phone,0
O00358,C0273,Passenger,3/20/2024 11:13,4,Riverside,CENTRAL,Low,94.51,App,0
O00359,C0048,Passenger,8/17/2024 23:04,24,EAST,CENTRAL,High,134.58,Web,0
O00360,C0506,Passenger,10/6/2024 22:11,1,CENTRAL,Central,High,111.56,App,0
O00361,C0345,Business,1/16/2024 8:17,1,East,South,Low,256.22,App,0
O00362,C0586,Medical,3/11/2024 1:12,4,Central,RiverSide,High,43.69,Phone,0
O00363,C0230,Passenger,6/4/2025 1:26,4,RiverSide,South,High,35.91,App,1
O00364,C0354,Medical,7/23/2025 11:17,12,WEST,CENTRAL,Critical,114.81,App,0
O00365,C0237,Medical,1/11/2024 10:44,4,EAST,West,Low,21.18,Phone,1
O00366,C0592,Business,2/12/2024 20:29,24,CENTRAL,South,High,52.46,App,0
O00367,C0162,Passenger,7/11/2025 9:35,4,SOUTH,NORTH,High,46.71,Phone,0
O00368,C0552,Business,12/4/2024 22:26,4,Central,north,High,89.38,App,1
O00369,C0093,Business,10/2/2024 12:27,6,Ctr,Riverside,Medium,70.75,Phone,0
O00370,C0021,Parcel,11/21/2024 17:26,4,SOUTH,SOUTH,High,74.04,Phone,0
O00371,C0530,Business,1/27/2025 4:24,4,north,North,Medium,73.83,Web,1
O00372,C0536,Parcel,1/29/2025 13:51,2,SOUTH,Riverside,Low,57.99,App,1
O00373,C0372,Parcel,5/26/2024 20:00,24,North,Central,Medium,95.4,App,0
O00374,C0343,Parcel,9/1/2024 19:32,24,NORTH,RiverSide,Medium,93.34,Web,0
O00375,C0012,Medical,9/17/2024 22:39,4,Central,East,High,150.39,Phone,0
O00376,C0286,Passenger,1/21/2025 7:52,12,NORTH,West,Critical,33.38,API,0
O00377,C0131,Retail,7/22/2024 21:07,12,AIRPORT,East,Medium,213.06,App,1
O00378,C0485,Retail,3/29/2024 19:50,6,North,NORTH,High,172.56,Web,1
O00379,C0648,Parcel,2/4/2024 22:03,4,North,East,Medium,52.58,Web,0
O00380,C0057,Passenger,2/19/2025 22:35,6,NORTH,North,Low,95.96,App,0
O00381,C0420,Parcel,11/28/2024 21:41,24,EAST,WEST,Low,67.67,Web,0
O00382,C0463,Retail,3/29/2025 17:42,6,CENTRAL,RiverSide,High,54.18,API,0
O00383,C0442,Retail,11/19/2024 14:36,4,WEST,East,Critical,109.08,App,0
O00384,C0469,Medical,1/1/2024 15:47,4,Ctr,Central,Low,12.58,Web,0
O00385,C0646,Passenger,10/24/2025 15:32,4,Riverside,RiverSide,Medium,226.69,Phone,0
O00386,C0250,Medical,12/16/2024 18:34,6,CENTRAL,Ctr,Medium,95.67,Web,0
O00387,C0470,Passenger,1/24/2025 7:52,1,South,EAST,High,107.34,Phone,0
O00388,C0292,Retail,10/6/2025 23:55,4,NORTH,Riverside,High,66.17,App,0
O00389,C0361,Passenger,1/22/2025 11:45,4,Central,RiverSide,Low,65.05,App,0
O00390,C0150,Passenger,3/6/2024 12:33,6,NORTH,NORTH,Medium,42.46,Web,0
O00391,C0541,Retail,9/29/2024 19:42,1,West,RiverSide,High,12.76,API,0
O00392,C0356,Retail,11/24/2025 10:04,6,EAST,Riverside,Medium,73.04,App,0
O00393,C0573,Parcel,10/5/2025 17:42,4,CENTRAL,East,Low,64.93,Web,0
O00394,C0479,Retail,8/16/2024 19:48,12,AIRPORT,WEST,Medium,71.08,App,1
O00395,C0060,Passenger,9/28/2024 8:58,1,WEST,East,Medium,20.16,Web,0
O00396,C0475,Retail,4/29/2025 23:22,12,CENTRAL,East,Medium,63.67,App,0
O00397,C0417,Parcel,6/18/2025 18:30,12,Airport,South,Medium,42.94,App,1
O00398,C0382,Business,8/7/2025 7:09,4,East,Airport,Medium,56.33,App,0
O00399,C0644,Parcel,3/8/2024 16:23,4,CENTRAL,Airport,Low,30.74,App,0
O00400,C0426,Retail,6/20/2025 6:33,6,North,EAST,High,145.15,Web,1
O00401,C0252,Medical,6/22/2024 11:15,24,East,Airport,Low,28.61,Web,0
O00402,C0104,Retail,11/20/2025 5:09,4,WEST,EAST,Medium,121.87,App,1
O00403,C0573,Business,11/8/2025 14:11,4,RiverSide,AIRPORT,Critical,44.48,API,1
O00404,C0139,Passenger,10/17/2025 20:55,1,South,Airport,Medium,213.39,Phone,0
O00405,C0055,Business,2/14/2024 10:24,6,Ctr,RiverSide,Critical,142.88,App,0
O00406,C0631,Retail,1/5/2025 13:07,2,Airport,RiverSide,Critical,59.17,App,0
O00407,C0575,Medical,2/23/2025 4:44,12,WEST,Ctr,High,189.02,Web,0
O00408,C0446,Parcel,9/14/2024 12:06,24,North,West,High,58.75,App,0
O00409,C0065,Passenger,1/8/2025 11:42,6,South,NORTH,Medium,38.48,App,0
O00410,C0174,Medical,6/19/2025 16:19,1,East,West,Medium,39.34,Phone,1
O00411,C0497,Business,4/8/2025 21:05,4,Central,Central,Medium,71.11,App,0
O00412,C0601,Passenger,10/8/2024 12:18,6,north,AIRPORT,Critical,54.76,App,0
O00413,C0183,Passenger,4/1/2025 22:07,4,Airport,NORTH,Low,35.52,App,0
O00414,C0023,Parcel,4/5/2025 20:30,6,South,West,Medium,283.98,App,0
O00415,C0591,Retail,6/27/2024 16:09,4,Ctr,Riverside,Medium,19.76,App,0
O00416,C0552,Medical,1/7/2024 21:08,2,Airport,Airport,High,26.83,App,0
O00417,C0486,Retail,1/10/2025 15:33,4,SOUTH,Riverside,Low,113.56,,0
O00418,C0467,Passenger,11/7/2025 7:39,12,Riverside,South,Critical,46.83,Web,0
O00419,C0013,Retail,1/14/2025 16:21,24,West,East,Medium,187.6,App,0
O00420,C0506,Business,1/25/2025 8:01,4,Riverside,EAST,Low,40.04,Phone,0
O00421,C0599,Parcel,7/23/2025 6:00,24,RiverSide,East,Medium,37.25,App,0
O00422,C0034,Passenger,8/7/2025 8:03,6,Central,West,Medium,15.05,App,0
O00423,C0403,Passenger,8/27/2025 5:19,2,SOUTH,Riverside,High,189.36,Phone,0
O00424,C0563,Business,7/11/2025 8:58,12,Riverside,WEST,Medium,43.18,App,0
O00425,C0550,Passenger,11/27/2024 8:15,4,AIRPORT,East,High,78.8,Web,0
O00426,C0383,Business,9/28/2024 14:05,2,RiverSide,RiverSide,Low,82,Web,0
O00427,C0151,Parcel,6/21/2025 20:31,1,Ctr,WEST,Medium,166.06,App,0
O00428,C0275,Medical,3/31/2024 6:08,1,West,Airport,High,72.42,Web,0
O00429,C0466,Passenger,3/9/2025 9:39,1,RiverSide,South,Medium,20.27,App,0
O00430,C0029,Retail,1/15/2025 1:45,12,CENTRAL,SOUTH,Medium,40.49,API,0
O00431,C0425,Retail,3/29/2025 12:23,4,South,RiverSide,Medium,24.45,App,0
O00432,C0648,Retail,2/12/2024 22:48,4,Central,West,High,158.21,Web,0
O00433,C0633,Retail,10/29/2024 13:27,12,Ctr,Central,Medium,85.59,Phone,0
O00434,C0500,Parcel,10/25/2025 19:51,1,Airport,RiverSide,High,45.89,App,0
O00435,C0102,Retail,9/19/2024 11:15,4,South,Ctr,Medium,47.28,Phone,1
O00436,C0218,Medical,1/29/2025 18:08,1,Airport,NORTH,Critical,56.57,Web,0
O00437,C0618,Retail,9/25/2025 6:54,4,Airport,RiverSide,Medium,98.88,App,0
O00438,C0491,Business,12/29/2025 18:23,4,North,WEST,Low,27.39,Phone,0
O00439,C0577,Medical,3/5/2024 21:13,1,North,Ctr,High,53.87,Web,0
O00440,C0032,Passenger,12/3/2024 2:05,12,EAST,East,High,56.81,App,0
O00441,C0509,Passenger,4/1/2025 12:25,12,EAST,CENTRAL,Critical,77.58,App,0
O00442,C0080,Business,6/22/2025 13:31,4,Ctr,West,High,81.32,API,1
O00443,C0378,Parcel,10/20/2025 0:06,12,NORTH,RiverSide,Medium,63.8,App,1
O00444,C0319,Retail,8/30/2025 18:29,4,WEST,AIRPORT,Medium,23.99,Phone,0
O00445,C0054,Passenger,4/18/2025 22:53,2,South,RiverSide,High,68.98,App,0
O00446,C0172,Passenger,3/22/2025 13:30,12,Airport,EAST,Medium,233.36,Web,0
O00447,C0082,Retail,6/29/2024 2:28,1,WEST,East,Medium,24.57,Phone,0
O00448,C0487,Medical,2/11/2025 15:08,4,Central,North,Low,68.78,Web,0
O00449,C0544,Passenger,6/8/2025 0:42,2,north,AIRPORT,Low,102.53,App,0
O00450,C0527,Retail,8/25/2024 23:12,2,RiverSide,RiverSide,Low,31.33,App,0
O00451,C0012,Retail,2/15/2025 17:02,12,East,RiverSide,Critical,97.23,Phone,0
O00452,C0583,Passenger,11/27/2025 9:35,2,CENTRAL,CENTRAL,Medium,56.63,Phone,1
O00453,C0224,Retail,12/4/2024 12:49,6,SOUTH,West,Medium,27.48,Phone,0
O00454,C0251,Medical,4/15/2025 3:05,12,West,north,Medium,51.66,App,0
O00455,C0178,Passenger,8/14/2024 2:36,6,Airport,AIRPORT,High,144.79,App,0
O00456,C0124,Parcel,1/16/2024 3:31,2,East,RiverSide,High,87.85,App,0
O00457,C0396,Parcel,3/31/2024 6:36,12,EAST,EAST,Medium,123.49,App,0
O00458,C0546,Parcel,4/10/2025 1:52,12,Ctr,East,High,87.24,API,0
O00459,C0478,Retail,11/28/2025 6:45,24,SOUTH,South,Low,203.99,App,0
O00460,C0097,Passenger,12/9/2024 15:55,4,Central,NORTH,Low,72.35,Web,0
O00461,C0153,Passenger,2/26/2024 17:44,4,WEST,East,Critical,55.94,Web,0
O00462,C0381,Parcel,3/3/2025 18:08,6,RiverSide,EAST,Medium,55.77,App,0
O00463,C0370,Medical,2/20/2025 1:55,2,East,CENTRAL,Low,96.83,App,0
O00464,C0063,Parcel,10/3/2025 4:20,2,SOUTH,EAST,Critical,51.61,Phone,0
O00465,C0149,Medical,12/8/2024 6:33,2,EAST,NORTH,Low,20.53,App,0
O00466,C0028,Business,1/7/2024 5:34,6,WEST,AIRPORT,High,88.87,Web,0
O00467,C0612,Passenger,10/8/2024 16:16,2,north,SOUTH,High,193.9,Web,0
O00468,C0062,Retail,3/29/2024 10:24,2,East,South,Medium,22.82,App,0
O00469,C0186,Parcel,9/18/2024 21:54,4,East,East,Low,92.55,App,0
O00470,C0265,Business,11/1/2024 17:25,12,East,East,Low,131.93,Web,0
O00471,C0346,Passenger,6/7/2025 13:43,6,East,AIRPORT,Medium,69.38,Web,0
O00472,C0636,Parcel,2/22/2024 9:19,4,South,Riverside,Medium,287.3,Web,0
O00473,C0266,Medical,9/11/2024 12:51,2,East,Airport,High,40.6,App,1
O00474,C0029,Medical,3/22/2025 17:16,2,Airport,CENTRAL,Medium,283.42,Phone,0
O00475,C0498,Passenger,11/8/2024 6:08,24,Central,WEST,High,156.78,App,0
O00476,C0078,Passenger,2/23/2024 6:34,24,WEST,EAST,Low,89.17,App,0
O00477,C0441,Passenger,10/29/2025 11:59,2,West,CENTRAL,Medium,189.25,Phone,0
O00478,C0521,Medical,4/20/2025 21:31,2,WEST,South,Critical,160.09,App,0
O00479,C0226,Retail,12/27/2025 18:09,12,CENTRAL,north,Low,87.76,App,0
O00480,C0088,Passenger,1/9/2025 10:12,6,EAST,West,Low,51.54,Phone,0
O00481,C0010,Retail,4/12/2025 22:35,1,South,WEST,Medium,10.74,API,1
O00482,C0268,Retail,11/10/2025 1:46,6,East,West,Medium,114.62,Phone,0
O00483,C0285,Business,11/17/2024 0:34,1,Riverside,NORTH,Medium,117.11,Phone,0
O00484,C0152,Parcel,3/10/2024 13:36,24,EAST,RiverSide,Critical,134.61,App,0
O00485,C0168,Passenger,11/27/2024 1:17,1,North,Ctr,High,95.19,API,0
O00486,C0316,Retail,8/12/2024 14:18,2,Central,North,High,50.89,App,0
O00487,C0263,Passenger,7/24/2024 22:13,4,Riverside,WEST,Medium,57.27,Phone,0
O00488,C0050,Medical,8/29/2025 19:29,4,North,SOUTH,Low,111.27,Phone,0
O00489,C0483,Medical,2/19/2025 23:28,24,CENTRAL,EAST,Medium,41.11,Web,1
O00490,C0562,Retail,7/27/2024 6:03,4,North,SOUTH,Low,73.56,App,0
O00491,C0460,Business,7/3/2024 13:54,1,South,WEST,Critical,41.62,App,1
O00492,C0243,Retail,10/16/2025 3:03,6,WEST,SOUTH,Critical,70.04,App,0
O00493,C0370,Parcel,5/20/2024 2:52,6,EAST,north,Critical,55.91,Web,0
O00494,C0304,Parcel,9/2/2025 15:11,1,EAST,Airport,Medium,50.08,App,0
O00495,C0590,Passenger,1/15/2024 23:35,6,EAST,South,Low,133.15,App,0
O00496,C0627,Passenger,6/17/2024 15:14,4,SOUTH,AIRPORT,Critical,117.66,App,0
O00497,C0631,Medical,11/21/2025 23:43,12,South,Ctr,Low,169.24,App,0
O00498,C0081,Retail,10/28/2024 6:34,4,South,Ctr,Medium,68.95,Web,0
O00499,C0198,Passenger,6/11/2024 4:49,4,East,Central,Medium,62.77,Phone,0
O00500,C0131,Retail,7/30/2024 16:06,12,NORTH,WEST,Low,64.83,App,0
O00501,C0547,Retail,4/21/2025 3:12,1,Ctr,East,Low,36.69,Web,1
O00502,C0169,Parcel,4/3/2024 1:26,4,Riverside,SOUTH,Medium,61.9,App,0
O00503,C0242,Passenger,8/17/2024 21:53,6,Central,RiverSide,Low,41.14,Web,0
O00504,C0362,Parcel,9/20/2024 22:57,2,Ctr,EAST,Low,47.18,App,0
O00505,C0319,Retail,3/29/2025 21:27,12,Airport,West,High,84.65,Web,0
O00506,C0603,Retail,6/7/2024 1:59,6,East,EAST,Medium,33.03,Phone,0
O00507,C0484,Parcel,12/13/2025 4:02,4,South,West,Medium,62.89,App,0
O00508,C0584,Parcel,6/12/2024 14:18,24,NORTH,CENTRAL,Medium,68.61,Phone,0
O00509,C0535,Retail,8/26/2024 18:51,1,East,CENTRAL,Medium,160.38,Phone,0
O00510,C0477,Medical,11/22/2024 22:35,4,WEST,West,Medium,170.3,,0
O00511,C0119,Parcel,6/6/2024 9:58,24,West,West,High,150.89,API,0
O00512,C0242,Parcel,9/21/2024 10:35,4,NORTH,Central,Critical,10.74,App,0
O00513,C0202,Passenger,8/7/2024 4:51,4,West,South,High,111.28,Phone,1
O00514,C0280,Passenger,11/12/2025 7:25,2,EAST,CENTRAL,Low,126.79,Phone,0
O00515,C0578,Retail,2/3/2024 10:24,6,NORTH,NORTH,Medium,65.74,Phone,0
O00516,C0473,Passenger,6/8/2024 20:18,2,South,East,Medium,117.13,App,0
O00517,C0015,Medical,8/16/2024 20:34,4,SOUTH,WEST,Low,49.24,App,0
O00518,C0112,Medical,12/11/2025 2:12,12,North,EAST,High,61.85,Web,0
O00519,C0437,Passenger,4/20/2025 4:46,2,South,RiverSide,Low,47.89,Phone,0
O00520,C0539,Passenger,7/7/2024 13:21,2,Central,AIRPORT,Low,36.42,App,0
O00521,C0109,Parcel,11/26/2025 12:07,1,AIRPORT,SOUTH,High,76.48,Web,0
O00522,C0594,Passenger,2/9/2024 11:07,24,RiverSide,CENTRAL,Medium,152.25,Phone,0
O00523,C0181,Medical,11/4/2025 6:41,6,AIRPORT,Airport,Low,82.31,Web,1
O00524,C0052,Passenger,6/20/2025 16:04,4,Airport,Riverside,Medium,40.41,App,1
O00525,C0223,Parcel,10/24/2024 15:22,1,SOUTH,Airport,High,29.46,App,0
O00526,C0630,Parcel,1/19/2024 15:56,4,Airport,WEST,Low,69.63,App,0
O00527,C0203,Parcel,4/5/2024 6:31,6,South,Airport,Medium,65.29,App,1
O00528,C0152,Passenger,10/13/2024 9:38,12,CENTRAL,Ctr,Medium,126.48,App,0
O00529,C0422,Retail,8/20/2025 17:48,4,East,AIRPORT,Medium,355.62,App,0
O00530,C0618,Medical,3/31/2024 6:08,4,Airport,NORTH,Low,45.66,App,1
O00531,C0013,Business,4/26/2025 8:49,24,Airport,AIRPORT,High,157.07,App,0
O00532,C0527,Retail,8/20/2024 18:59,2,RiverSide,Ctr,Low,55.72,Phone,0
O00533,C0338,Retail,11/3/2024 1:37,4,Ctr,NORTH,Medium,74.26,App,0
O00534,C0159,Parcel,9/5/2025 3:00,2,Airport,Ctr,Critical,188.05,App,1
O00535,C0093,Retail,12/18/2024 6:09,6,RiverSide,Riverside,Medium,24.09,App,0
O00536,C0372,Medical,11/3/2025 9:03,12,West,Central,Low,204.12,Web,1
O00537,C0153,Business,6/25/2024 10:22,6,Central,Ctr,Medium,50.23,Web,1
O00538,C0377,Business,4/5/2025 15:15,1,West,Ctr,High,50.6,App,0
O00539,C0098,Business,12/3/2024 23:23,6,Ctr,EAST,High,167.91,App,0
O00540,C0232,Retail,7/2/2024 3:50,4,EAST,WEST,High,142.72,Web,0
O00541,C0272,Retail,11/1/2024 2:46,4,West,EAST,Low,126.42,App,0
O00542,C0504,Passenger,7/26/2025 14:06,4,Central,EAST,Low,76.58,App,1
O00543,C0468,Passenger,7/18/2025 3:50,4,Airport,RiverSide,Medium,68.06,App,0
O00544,C0212,Retail,6/14/2024 19:25,24,CENTRAL,WEST,Low,53.15,Phone,0
O00545,C0211,Parcel,4/17/2025 1:02,24,CENTRAL,north,Low,100.18,Web,0
O00546,C0242,Business,2/10/2024 16:37,24,RiverSide,SOUTH,High,51.06,API,1
O00547,C0640,Retail,4/9/2024 13:41,24,Central,South,High,43.73,App,0
O00548,C0105,Passenger,12/14/2025 4:26,2,Airport,EAST,Medium,34.87,Phone,0
O00549,C0119,Business,8/14/2025 11:04,6,EAST,West,Medium,86.89,Phone,0
O00550,C0502,Business,1/18/2025 23:42,24,Central,Riverside,Medium,64.79,Web,1
O00551,C0317,Retail,6/16/2024 11:10,6,Ctr,East,High,82.67,Phone,0
O00552,C0341,Passenger,11/9/2025 2:21,4,Riverside,South,Low,76.7,App,0
O00553,C0408,Retail,1/6/2024 20:55,6,north,RiverSide,High,32.16,App,0
O00554,C0117,Medical,5/6/2025 9:09,2,AIRPORT,RiverSide,High,129.89,App,0
O00555,C0233,Retail,9/24/2024 3:06,6,West,South,Medium,234.04,App,0
O00556,C0643,Business,9/1/2024 3:09,2,Riverside,Airport,Medium,101.94,App,1
O00557,C0079,Passenger,5/23/2025 8:34,24,RiverSide,Riverside,Low,176.32,Web,0
O00558,C0057,Parcel,7/8/2025 3:20,1,Riverside,CENTRAL,Critical,99.68,App,0
O00559,C0167,Business,4/24/2025 7:10,12,north,EAST,Medium,107.27,Phone,0
O00560,C0260,Passenger,8/5/2025 17:02,6,RiverSide,EAST,Medium,62.52,Web,1
O00561,C0595,Retail,6/2/2025 8:23,4,CENTRAL,AIRPORT,High,86.87,App,0
O00562,C0382,Passenger,7/21/2024 9:25,4,EAST,West,Medium,241.72,,0
O00563,C0284,Parcel,7/22/2025 6:08,6,Airport,Riverside,Low,40.2,Web,0
O00564,C0535,Retail,9/2/2024 23:55,12,NORTH,Ctr,Medium,59.68,App,0
O00565,C0600,Parcel,7/1/2025 16:15,1,north,South,Low,155.2,Phone,0
O00566,C0455,Parcel,4/7/2024 0:06,6,Ctr,Central,Medium,97.68,Phone,0
O00567,C0144,Retail,2/24/2024 15:50,24,SOUTH,Riverside,Low,33.6,Phone,0
O00568,C0412,Passenger,12/19/2025 18:13,6,Central,Riverside,Medium,119.95,Phone,0
O00569,C0467,Parcel,12/6/2025 23:14,6,Central,AIRPORT,Critical,104.77,App,0
O00570,C0379,Parcel,3/30/2024 5:09,2,RiverSide,Riverside,Medium,56.89,Phone,0
O00571,C0213,Passenger,9/27/2024 0:27,24,CENTRAL,RiverSide,Medium,64.21,Web,0
O00572,C0202,Parcel,2/6/2025 19:33,4,WEST,RiverSide,High,134.79,App,1
O00573,C0269,Retail,4/22/2024 9:36,4,Central,Central,High,150.38,App,0
O00574,C0110,Retail,5/3/2024 2:42,6,Riverside,North,Medium,59.99,App,0
O00575,C0179,Retail,8/15/2025 6:14,12,Riverside,RiverSide,Medium,30.5,Phone,0
O00576,C0393,Retail,9/6/2024 19:49,6,South,SOUTH,Medium,113.92,App,0
O00577,C0641,Parcel,6/9/2025 22:52,2,Airport,East,High,16.62,Phone,1
O00578,C0639,Retail,3/4/2024 7:04,4,Ctr,Central,High,18.53,App,0
O00579,C0624,Medical,9/5/2025 10:06,4,Airport,South,Low,24.91,Phone,0
O00580,C0461,Retail,2/12/2024 6:39,1,WEST,Riverside,Critical,78.71,App,0
O00581,C0495,Passenger,12/9/2025 5:52,12,north,SOUTH,Low,138.33,App,0
O00582,C0275,Parcel,11/6/2024 10:05,2,South,CENTRAL,Medium,48.36,Phone,0
O00583,C0469,Retail,4/17/2025 18:58,6,SOUTH,Riverside,Medium,89.45,Web,1
O00584,C0377,Retail,7/6/2024 0:20,6,AIRPORT,WEST,Medium,137.29,App,0
O00585,C0160,Medical,2/25/2025 13:02,1,SOUTH,RiverSide,Medium,215.96,Web,1
O00586,C0421,Parcel,3/31/2024 7:09,12,Central,WEST,Critical,31.49,,0
O00587,C0113,Retail,6/7/2025 21:10,4,East,AIRPORT,High,115.16,Web,0
O00588,C0515,Passenger,6/3/2024 11:49,4,AIRPORT,Airport,Low,236.46,Web,0
O00589,C0344,Parcel,5/23/2024 6:12,6,RiverSide,CENTRAL,High,81.6,Phone,0
O00590,C0386,Parcel,8/12/2024 21:21,2,NORTH,North,Medium,20.52,Phone,0
O00591,C0228,Passenger,12/26/2025 2:00,4,North,RiverSide,Medium,15.8,App,1
O00592,C0563,Business,5/6/2025 1:31,2,RiverSide,East,Low,220.79,Phone,0
O00593,C0406,Passenger,6/22/2025 10:58,1,Central,Riverside,High,63.86,Phone,0
O00594,C0116,Retail,3/11/2024 19:40,4,Central,EAST,Medium,149.86,App,1
O00595,C0377,Business,3/5/2024 6:55,12,South,AIRPORT,Medium,71.08,App,1
O00596,C0394,Parcel,10/2/2025 1:54,12,SOUTH,East,Low,119.64,App,0
O00597,C0238,Parcel,1/9/2025 13:05,6,NORTH,north,High,169.18,App,0
O00598,C0621,Retail,10/28/2025 22:22,24,Riverside,Ctr,Medium,201.88,App,0
O00599,C0077,Passenger,8/19/2025 5:51,1,South,EAST,Medium,179.87,App,0
O00600,C0476,Parcel,5/19/2025 21:49,24,Airport,north,Low,235.8,App,0
O00601,C0335,Retail,5/23/2025 4:16,6,north,South,Low,49.24,Phone,0
O00602,C0257,Passenger,12/11/2025 9:57,6,Ctr,Airport,Medium,127.09,Web,0
O00603,C0351,Parcel,2/24/2024 23:29,24,West,RiverSide,Medium,66.39,App,0
O00604,C0584,Passenger,11/27/2025 18:10,4,Ctr,AIRPORT,Medium,65.15,Web,0
O00605,C0585,Medical,3/21/2025 12:52,1,Riverside,AIRPORT,Low,47.71,Web,1
O00606,C0050,Medical,10/17/2025 16:19,1,Central,West,High,37.75,Web,0
O00607,C0576,Parcel,8/30/2025 17:41,12,WEST,West,Low,219.79,App,1
O00608,C0394,Medical,10/9/2025 3:04,4,West,EAST,High,71.8,Web,0
O00609,C0621,Parcel,9/15/2024 7:15,12,East,EAST,Low,71.86,App,0
O00610,C0635,Passenger,7/21/2024 18:29,24,South,Riverside,Medium,169.63,API,0
O00611,C0374,Retail,7/29/2025 7:56,2,WEST,WEST,Low,132.01,App,0
O00612,C0169,Retail,5/19/2025 18:58,4,WEST,East,Critical,60.06,Phone,0
O00613,C0650,Retail,12/2/2025 22:03,4,Airport,Central,Low,84.48,App,0
O00614,C0393,Passenger,2/5/2025 21:50,2,WEST,RiverSide,Medium,259.73,App,0
O00615,C0295,Parcel,2/8/2025 20:43,1,WEST,WEST,High,44.37,App,0
O00616,C0114,Retail,12/16/2024 12:25,6,EAST,Ctr,Medium,50.57,Phone,0
O00617,C0352,Medical,3/30/2024 7:41,1,Central,RiverSide,Medium,77.56,Web,0
O00618,C0581,Parcel,11/19/2025 10:42,12,CENTRAL,SOUTH,Medium,41.64,App,0
O00619,C0268,Retail,9/1/2025 13:50,1,CENTRAL,NORTH,Medium,86.7,App,0
O00620,C0467,Retail,11/8/2024 0:19,2,South,West,Low,27.57,App,0
O00621,C0026,Parcel,5/15/2025 19:01,12,Airport,Airport,Medium,103.8,App,0
O00622,C0439,Passenger,4/23/2024 15:26,24,Central,CENTRAL,High,48.84,Phone,0
O00623,C0361,Business,2/24/2025 19:19,24,Airport,South,High,193.96,Web,0
O00624,C0117,Passenger,4/13/2025 4:21,24,WEST,Ctr,Medium,25.82,Web,0
O00625,C0376,Business,7/12/2025 6:05,24,West,SOUTH,Medium,77.48,Phone,1
O00626,C0072,Parcel,12/28/2024 12:54,4,north,north,Medium,24.6,Web,1
O00627,C0114,Parcel,4/22/2025 19:02,6,Central,CENTRAL,Medium,67.07,Web,1
O00628,C0056,Passenger,10/26/2024 10:05,12,RiverSide,north,Medium,52.85,App,1
O00629,C0368,Retail,10/4/2024 5:44,6,Riverside,SOUTH,Low,55.3,App,1
O00630,C0369,Retail,3/28/2025 13:42,2,Central,Ctr,Low,86.61,App,0
O00631,C0574,Business,7/5/2025 7:07,2,SOUTH,RiverSide,Low,47.21,App,0
O00632,C0611,Passenger,8/9/2024 21:40,1,Central,Central,High,33.21,Web,1
O00633,C0235,Passenger,2/12/2024 12:52,2,Airport,Central,Low,79.57,App,0
O00634,C0536,Parcel,7/7/2024 12:17,4,East,South,Medium,171.58,App,0
O00635,C0314,Parcel,12/6/2024 4:23,2,Central,north,Low,73.66,App,0
O00636,C0208,Medical,6/20/2024 7:22,4,West,north,Medium,134.63,App,1
O00637,C0304,Passenger,9/16/2025 12:19,2,NORTH,SOUTH,Critical,89.63,Phone,0
O00638,C0257,Passenger,5/26/2025 10:56,6,West,WEST,Medium,54.63,App,0
O00639,C0480,Medical,6/2/2025 19:12,2,CENTRAL,NORTH,Medium,141.93,Web,0
O00640,C0102,Passenger,6/15/2024 12:33,12,AIRPORT,West,Medium,72.31,API,1
O00641,C0403,Parcel,1/10/2024 0:54,24,north,AIRPORT,High,119,Phone,0
O00642,C0329,Retail,6/28/2024 3:15,4,RiverSide,Airport,High,24.55,,0
O00643,C0349,Parcel,4/10/2025 18:51,1,Airport,RiverSide,Low,181.69,Web,1
O00644,C0084,Business,11/3/2025 8:47,6,EAST,Airport,High,6.28,App,0
O00645,C0517,Passenger,12/26/2024 21:06,6,South,CENTRAL,Medium,82.91,API,0
O00646,C0518,Retail,7/19/2025 23:55,2,EAST,South,Medium,63.73,App,1
O00647,C0592,Passenger,6/10/2025 21:24,12,WEST,AIRPORT,High,109.87,App,0
O00648,C0032,Passenger,5/18/2024 8:42,2,West,SOUTH,Medium,52.97,App,0
O00649,C0361,Parcel,3/2/2025 2:32,4,EAST,Riverside,Low,30.88,App,0
O00650,C0206,Parcel,9/30/2025 10:28,6,RiverSide,AIRPORT,Low,39.65,App,0
O00651,C0345,Parcel,9/29/2024 9:23,6,South,SOUTH,High,7.14,App,0
O00652,C0331,Retail,11/8/2024 21:45,4,SOUTH,West,Medium,35.54,App,0
O00653,C0397,Retail,10/9/2025 21:24,12,Riverside,SOUTH,Medium,36.56,App,0
O00654,C0617,Parcel,6/18/2025 21:03,24,Ctr,Airport,High,47.22,App,0
O00655,C0590,Passenger,11/1/2025 15:31,4,South,EAST,Low,52.51,Phone,0
O00656,C0211,Parcel,1/7/2025 22:01,6,WEST,north,High,82.24,Web,0
O00657,C0135,Passenger,2/28/2024 21:07,6,SOUTH,CENTRAL,Low,155.89,App,0
O00658,C0533,Retail,7/24/2025 12:28,12,north,north,Medium,68.43,App,0
O00659,C0002,Retail,11/14/2024 16:57,12,South,North,Low,135.53,API,0
O00660,C0288,Passenger,6/4/2024 23:38,4,Central,Airport,High,27.65,Web,1
O00661,C0241,Retail,4/14/2025 1:20,4,Ctr,RiverSide,High,97.98,Phone,0
O00662,C0117,Parcel,5/9/2025 4:00,12,SOUTH,AIRPORT,High,30.01,Web,0
O00663,C0380,Retail,10/4/2024 4:12,2,EAST,EAST,Low,75.21,App,1
O00664,C0584,Passenger,8/24/2025 18:32,4,Airport,West,Medium,176.19,App,0
O00665,C0522,Passenger,2/17/2024 12:11,4,WEST,Central,Low,176.48,App,1
O00666,C0001,Parcel,8/26/2025 20:17,24,AIRPORT,CENTRAL,Low,185.32,App,0
O00667,C0392,Passenger,10/4/2025 7:18,2,EAST,WEST,Medium,68.27,Web,1
O00668,C0649,Parcel,7/11/2025 0:26,6,Airport,north,Medium,135.89,App,0
O00669,C0529,Parcel,7/15/2025 13:41,12,north,East,Critical,80.79,App,0
O00670,C0305,Retail,3/27/2024 21:40,4,SOUTH,West,High,128.5,App,1
O00671,C0111,Retail,1/24/2025 15:45,1,north,North,Medium,118.56,Phone,0
O00672,C0567,Retail,1/3/2025 22:57,24,AIRPORT,RiverSide,High,20.28,Web,0
O00673,C0579,Passenger,10/11/2024 10:10,24,WEST,WEST,High,133.78,Phone,0
O00674,C0235,Passenger,8/11/2025 15:52,2,CENTRAL,East,Medium,65.56,Web,0
O00675,C0445,Business,2/19/2024 17:22,24,Riverside,NORTH,Low,47.44,App,0
O00676,C0494,Business,5/23/2024 6:33,2,SOUTH,West,Low,110.61,App,0
O00677,C0519,Passenger,3/4/2024 5:19,4,EAST,West,High,79.31,Web,0
O00678,C0197,Business,6/17/2025 5:43,12,AIRPORT,AIRPORT,Low,14.72,App,1
O00679,C0244,Medical,11/15/2024 1:37,24,West,SOUTH,High,74.53,Web,0
O00680,C0412,Passenger,10/31/2024 12:49,2,Ctr,WEST,High,56.97,Web,0
O00681,C0438,Parcel,1/3/2025 22:11,24,SOUTH,EAST,Medium,47.11,Phone,0
O00682,C0529,Retail,10/5/2024 9:57,2,NORTH,Ctr,Low,97.9,Phone,0
O00683,C0375,Medical,5/1/2025 6:39,6,EAST,AIRPORT,Medium,114.16,,0
O00684,C0064,Parcel,11/24/2024 14:25,24,CENTRAL,AIRPORT,High,81.01,App,0
O00685,C0010,Business,4/21/2024 21:16,6,WEST,WEST,Low,107.85,Phone,0
O00686,C0476,Retail,1/5/2025 12:20,6,East,SOUTH,Medium,72.67,Web,0
O00687,C0253,Passenger,1/29/2025 15:17,4,CENTRAL,Airport,Medium,221.31,App,0
O00688,C0332,Passenger,4/25/2024 6:59,6,north,West,High,38.09,Phone,0
O00689,C0349,Passenger,9/29/2025 14:32,4,Riverside,RiverSide,Medium,6.04,App,1
O00690,C0013,Retail,2/22/2025 20:10,4,Airport,North,High,159.46,App,0
O00691,C0532,Retail,11/18/2024 1:09,12,NORTH,EAST,High,231.13,App,0
O00692,C0223,Parcel,10/12/2024 17:30,4,EAST,East,Medium,73.56,Web,0
O00693,C0199,Retail,11/8/2025 17:54,2,AIRPORT,AIRPORT,Medium,115.09,App,0
O00694,C0380,Passenger,11/17/2025 13:48,6,Ctr,RiverSide,Medium,307.5,Web,0
O00695,C0006,Passenger,3/19/2024 8:25,6,South,EAST,Low,92.36,App,0
O00696,C0090,Passenger,1/6/2025 22:58,1,CENTRAL,Riverside,Medium,67.44,App,0
O00697,C0454,Medical,2/9/2025 16:51,6,East,WEST,Medium,7.69,API,0
O00698,C0550,Medical,10/22/2024 20:07,2,SOUTH,CENTRAL,High,179.24,App,0
O00699,C0310,Medical,9/22/2024 14:49,12,SOUTH,Riverside,Medium,202.46,Web,0
O00700,C0443,Passenger,1/13/2024 1:34,4,WEST,WEST,Medium,110.49,Phone,0
O00701,C0021,Parcel,12/15/2025 18:19,4,East,Riverside,Medium,19.97,App,0
O00702,C0228,Retail,12/28/2024 19:23,4,EAST,Riverside,Critical,77.66,App,0
O00703,C0493,Medical,9/28/2024 7:56,6,AIRPORT,NORTH,Medium,250.93,Phone,0
O00704,C0031,Retail,3/12/2024 17:06,4,North,North,High,141.29,Phone,0
O00705,C0013,Parcel,9/9/2025 21:53,6,NORTH,RiverSide,High,118.52,App,0
O00706,C0243,Retail,2/26/2025 22:07,2,RiverSide,SOUTH,Low,39.03,API,1
O00707,C0156,Parcel,11/10/2024 5:41,4,CENTRAL,East,Medium,95.62,App,0
O00708,C0058,Parcel,6/29/2024 23:40,4,West,West,Low,108.04,Phone,0
O00709,C0369,Medical,12/9/2025 3:49,12,north,AIRPORT,Critical,49.66,App,0
O00710,C0322,Passenger,2/17/2025 12:53,6,South,SOUTH,Low,91.43,Web,0
O00711,C0412,Passenger,12/15/2024 12:25,2,SOUTH,South,High,69.11,Web,0
O00712,C0512,Passenger,5/26/2025 10:22,2,North,WEST,High,105.64,Phone,1
O00713,C0316,Medical,7/9/2024 22:55,6,SOUTH,NORTH,Low,48.38,Phone,0
O00714,C0456,Passenger,5/26/2024 17:47,24,South,NORTH,Low,187.87,App,0
O00715,C0477,Medical,6/17/2025 13:42,6,RiverSide,NORTH,Critical,125.92,App,0
O00716,C0072,Passenger,10/22/2024 4:13,6,EAST,north,Medium,5.92,App,0
O00717,C0508,Retail,12/12/2024 21:04,4,East,South,Low,72.1,Web,0
O00718,C0533,Passenger,2/27/2025 2:32,2,West,AIRPORT,Low,144.45,Phone,0
O00719,C0395,Passenger,1/4/2024 18:42,2,WEST,CENTRAL,Low,11.54,Web,0
O00720,C0140,Business,8/29/2024 18:27,2,AIRPORT,AIRPORT,High,111.88,App,0
O00721,C0001,Retail,2/17/2025 6:36,24,EAST,Ctr,Medium,70.79,App,1
O00722,C0523,Business,10/7/2024 21:50,12,CENTRAL,Central,Medium,72.65,Phone,0
O00723,C0075,Passenger,5/15/2024 4:14,1,NORTH,CENTRAL,Low,94.32,App,0
O00724,C0317,Passenger,11/18/2025 7:32,4,Airport,NORTH,Low,98.05,App,0
O00725,C0153,Passenger,5/7/2024 9:57,12,EAST,WEST,Medium,61.87,App,0
O00726,C0284,Retail,2/4/2024 23:52,4,Airport,Airport,Medium,59.57,Web,0
O00727,C0499,Business,10/26/2025 12:56,2,South,South,Medium,85,App,0
O00728,C0610,Parcel,10/21/2024 4:41,24,South,RiverSide,Low,50.95,App,0
O00729,C0574,Parcel,12/22/2025 22:24,6,EAST,East,Medium,51.28,App,0
O00730,C0353,Retail,9/19/2025 8:45,1,EAST,East,High,112.07,API,0
O00731,C0014,Passenger,3/9/2024 19:38,2,East,Central,High,38.48,Web,0
O00732,C0579,Passenger,6/5/2025 8:38,4,East,Central,Medium,165.97,Phone,0
O00733,C0609,Passenger,8/6/2024 7:19,6,AIRPORT,West,Medium,161.44,Phone,0
O00734,C0087,Retail,4/6/2024 11:43,12,East,East,Medium,166.21,App,1
O00735,C0602,Retail,8/5/2025 2:23,4,Central,north,High,35.89,App,0
O00736,C0390,Parcel,1/24/2024 22:33,12,Central,East,Medium,78.13,App,0
O00737,C0368,Retail,3/14/2024 3:53,2,CENTRAL,Central,Medium,117.82,Web,1
O00738,C0354,Retail,11/28/2024 6:00,2,AIRPORT,WEST,High,66.54,App,1
O00739,C0144,Passenger,4/13/2025 20:48,12,South,NORTH,Low,76.04,Phone,0
O00740,C0151,Medical,5/22/2024 14:17,4,East,EAST,Medium,67.9,Web,1
O00741,C0552,Retail,5/30/2025 1:28,6,AIRPORT,NORTH,Low,72.44,App,1
O00742,C0017,Passenger,8/27/2025 17:38,12,Airport,West,Critical,45.26,App,0
O00743,C0166,Retail,2/3/2024 1:34,2,East,South,Medium,92.51,Web,0
O00744,C0146,Retail,4/23/2025 3:30,6,EAST,Riverside,Low,33.49,API,1
O00745,C0442,Passenger,8/17/2024 9:40,24,SOUTH,AIRPORT,Medium,46.93,App,0
O00746,C0014,Medical,12/14/2024 10:33,1,north,RiverSide,Low,73.76,Web,0
O00747,C0264,Retail,8/5/2025 7:13,2,EAST,South,Medium,122.21,App,0
O00748,C0412,Parcel,7/23/2025 6:18,24,WEST,South,Low,41.63,API,0
O00749,C0196,Retail,8/14/2025 17:45,6,East,RiverSide,Low,47.61,App,0
O00750,C0368,Retail,2/1/2024 7:49,6,NORTH,South,Low,62.8,Phone,1
O00751,C0282,Business,6/26/2024 0:51,4,NORTH,West,Medium,152.61,Phone,0
O00752,C0628,Retail,5/31/2025 8:27,2,Riverside,CENTRAL,Medium,119.26,Web,0
O00753,C0369,Parcel,1/18/2025 2:40,2,AIRPORT,RiverSide,High,176.31,Web,0
O00754,C0479,Parcel,10/7/2024 23:05,4,Central,Airport,Medium,65.19,App,0
O00755,C0014,Passenger,8/21/2025 3:25,6,SOUTH,SOUTH,High,25.11,App,0
O00756,C0413,Retail,2/3/2025 16:37,24,Airport,North,Medium,83.09,App,1
O00757,C0466,Passenger,2/22/2025 7:42,12,EAST,South,Medium,81.59,Web,0
O00758,C0359,Parcel,2/26/2024 11:34,6,EAST,West,Low,144.81,Phone,0
O00759,C0556,Passenger,12/3/2024 21:16,1,Central,north,Medium,22.3,App,0
O00760,C0051,Medical,3/14/2024 20:30,24,South,West,Low,108.03,API,0
O00761,C0237,Passenger,8/12/2025 4:27,12,north,EAST,Low,109.93,App,0
O00762,C0118,Retail,4/9/2025 21:56,4,East,South,Medium,21.57,App,0
O00763,C0020,Retail,12/26/2025 19:29,4,East,AIRPORT,Low,154.35,API,0
O00764,C0452,Retail,7/14/2024 10:39,2,North,West,Medium,72.77,App,0
O00765,C0187,Retail,7/13/2024 3:25,12,Ctr,WEST,Medium,60.26,App,1
O00766,C0118,Parcel,6/18/2024 9:48,2,East,SOUTH,Low,79.18,Phone,0
O00767,C0107,Business,7/17/2024 2:47,6,RiverSide,West,Medium,57.81,Web,0
O00768,C0606,Retail,6/12/2025 0:28,4,Central,WEST,Medium,69.17,App,0
O00769,C0559,Retail,7/21/2024 22:47,4,South,CENTRAL,High,189,API,0
O00770,C0096,Retail,7/20/2024 8:12,2,South,WEST,Medium,68.11,App,0
O00771,C0208,Passenger,7/27/2025 22:53,6,East,West,High,32.94,App,0
O00772,C0103,Parcel,10/30/2024 23:50,24,EAST,NORTH,High,152.15,App,0
O00773,C0172,Parcel,1/24/2024 23:46,4,north,South,Medium,114.02,App,0
O00774,C0639,Parcel,9/19/2025 23:01,12,Ctr,NORTH,High,34.69,Web,1
O00775,C0068,Business,3/5/2024 11:13,12,RiverSide,CENTRAL,High,94.46,App,0
O00776,C0571,Parcel,3/3/2025 0:53,4,Riverside,East,Low,108.49,Phone,0
O00777,C0226,Retail,10/18/2025 23:47,6,East,Riverside,High,14.64,App,0
O00778,C0514,Parcel,10/7/2025 17:16,4,north,Ctr,Low,84.4,App,0
O00779,C0397,Retail,7/25/2025 11:40,24,RiverSide,Ctr,Critical,69.68,App,0
O00780,C0490,Parcel,6/16/2024 18:40,1,West,North,Medium,80.48,Web,0
O00781,C0049,Retail,11/19/2024 11:19,12,north,Ctr,High,75.82,Web,0
O00782,C0610,Passenger,4/17/2024 1:47,2,SOUTH,SOUTH,Medium,37.19,Web,0
O00783,C0507,Parcel,6/28/2024 22:22,4,North,East,Critical,46.36,App,1
O00784,C0308,Passenger,3/7/2025 0:51,12,East,South,Low,21.26,Phone,1
O00785,C0378,Passenger,12/31/2025 14:49,4,East,CENTRAL,High,98.07,Phone,0
O00786,C0473,Medical,4/14/2024 10:06,6,RiverSide,West,Medium,69.28,API,0
O00787,C0483,Parcel,6/6/2024 11:49,6,NORTH,Riverside,Low,192.62,Web,0
O00788,C0444,Medical,4/27/2025 15:05,4,AIRPORT,North,Medium,116.09,Phone,0
O00789,C0201,Business,12/11/2024 10:30,6,CENTRAL,RiverSide,High,163,App,1
O00790,C0028,Retail,5/11/2024 3:33,2,Airport,WEST,High,283.08,Web,0
O00791,C0632,Passenger,7/30/2025 8:32,4,East,Airport,Medium,107.8,App,0
O00792,C0173,Retail,2/2/2025 6:22,4,Riverside,SOUTH,Medium,156.57,App,0
O00793,C0259,Business,9/14/2024 21:01,12,CENTRAL,South,Medium,70.51,Phone,0
O00794,C0415,Retail,7/16/2024 22:17,12,CENTRAL,Airport,Low,154.5,App,0
O00795,C0142,Retail,6/15/2025 13:49,2,Riverside,CENTRAL,Medium,42.52,App,0
O00796,C0385,Business,1/28/2025 5:51,6,Ctr,north,High,209.05,API,0
O00797,C0231,Passenger,3/23/2025 4:08,4,RiverSide,RiverSide,Medium,47.39,App,1
O00798,C0547,Retail,1/14/2024 3:13,4,South,NORTH,Low,55.01,App,0
O00799,C0289,Passenger,8/22/2025 17:24,24,EAST,SOUTH,High,260,Web,0
O00800,C0032,Medical,1/29/2024 0:52,6,South,NORTH,Medium,102.47,Phone,0
O00801,C0138,Retail,3/29/2024 14:49,6,SOUTH,NORTH,Medium,111.28,App,0
O00802,C0187,Passenger,2/14/2024 6:56,24,West,WEST,Medium,32.72,Phone,0
O00803,C0509,Retail,8/9/2025 17:58,6,EAST,Airport,High,60.3,App,0
O00804,C0383,Parcel,3/13/2024 10:21,24,CENTRAL,Riverside,Medium,278.77,Phone,0
O00805,C0426,Passenger,10/1/2025 17:56,6,NORTH,CENTRAL,Low,180.16,App,0
O00806,C0622,Business,4/17/2025 15:49,12,north,Central,Medium,100.44,App,1
O00807,C0162,Parcel,10/16/2025 6:00,4,SOUTH,Riverside,Medium,155.63,App,1
O00808,C0598,Passenger,9/6/2024 6:57,4,RiverSide,West,High,79.62,App,0
O00809,C0595,Retail,12/29/2024 12:56,2,Riverside,SOUTH,Medium,84.04,,0
O00810,C0408,Parcel,4/16/2024 3:37,12,North,SOUTH,High,129.12,App,0
O00811,C0267,Retail,5/9/2024 6:28,6,north,Riverside,Medium,104.5,App,1
O00812,C0219,Parcel,4/12/2025 18:37,24,WEST,Airport,Medium,55.92,App,0
O00813,C0642,Parcel,10/13/2025 21:45,4,NORTH,north,Medium,75.79,App,0
O00814,C0464,Passenger,3/26/2025 2:36,12,East,Riverside,Medium,27.9,Phone,0
O00815,C0347,Parcel,2/25/2024 15:10,24,Airport,Airport,High,216.89,App,1
O00816,C0113,Passenger,2/13/2025 20:43,12,EAST,Ctr,Low,62.91,Web,0
O00817,C0391,Retail,12/31/2025 7:45,2,north,South,Low,208.48,Phone,0
O00818,C0561,Business,10/27/2025 15:44,1,RiverSide,North,Medium,82.82,Web,1
O00819,C0098,Retail,4/28/2025 19:09,4,Airport,WEST,Low,93.02,App,0
O00820,C0121,Passenger,5/1/2024 15:38,6,Riverside,NORTH,Low,231.32,App,0
O00821,C0266,Parcel,1/25/2025 2:44,6,CENTRAL,SOUTH,Medium,78.86,Phone,0
O00822,C0186,Parcel,9/1/2024 7:00,1,WEST,SOUTH,Medium,55.85,Phone,0
O00823,C0264,Passenger,2/5/2025 18:50,12,East,North,Medium,122.9,App,0
O00824,C0074,Retail,8/17/2024 20:47,12,SOUTH,EAST,Medium,271.33,Web,0
O00825,C0010,Business,10/25/2025 1:15,4,SOUTH,WEST,Medium,58.21,Phone,0
O00826,C0055,Parcel,4/6/2024 6:51,4,Airport,Ctr,Medium,118.93,App,0
O00827,C0152,Medical,1/1/2024 1:29,24,East,South,Medium,19.26,Web,0
O00828,C0025,Passenger,2/19/2024 12:15,24,West,WEST,Low,61.71,App,0
O00829,C0032,Passenger,8/12/2024 21:02,4,South,West,High,32.2,Phone,1
O00830,C0347,Passenger,7/23/2025 20:36,2,South,SOUTH,High,71.2,Phone,0
O00831,C0560,Business,2/27/2025 8:02,4,Riverside,Central,Medium,130.28,App,0
O00832,C0436,Parcel,6/6/2024 14:01,6,CENTRAL,Airport,Low,99.75,App,1
O00833,C0431,Parcel,5/5/2025 3:48,2,Central,Riverside,Medium,141.48,App,0
O00834,C0526,Parcel,12/28/2025 3:11,1,EAST,Airport,Low,265.72,Web,0
O00835,C0317,Passenger,5/26/2024 16:10,6,SOUTH,Airport,Medium,51,App,0
O00836,C0186,Passenger,9/22/2025 16:20,6,SOUTH,north,Low,45.9,App,1
O00837,C0578,Parcel,4/18/2024 16:50,24,EAST,WEST,Low,35.47,App,0
O00838,C0549,Passenger,1/25/2025 0:04,6,Ctr,Central,Low,48.73,Web,0
O00839,C0046,Parcel,1/31/2024 17:41,6,RiverSide,WEST,Low,229.63,App,0
O00840,C0358,Passenger,3/28/2024 16:35,6,SOUTH,EAST,Medium,142.01,Web,0
O00841,C0132,Business,9/26/2025 19:38,6,Airport,SOUTH,Medium,21.71,App,0
O00842,C0588,Retail,7/4/2025 2:45,12,Central,East,Low,153.82,Web,0
O00843,C0095,Medical,2/25/2024 21:34,12,north,RiverSide,Critical,84.18,Phone,1
O00844,C0276,Medical,9/21/2025 9:29,6,RiverSide,RiverSide,High,76.02,App,0
O00845,C0276,Business,2/10/2025 21:00,4,Airport,north,Medium,65.51,Phone,0
O00846,C0372,Parcel,7/27/2025 23:13,2,EAST,East,High,117.43,Web,0
O00847,C0303,Retail,1/25/2024 5:53,12,CENTRAL,Ctr,Low,47.99,App,1
O00848,C0489,Business,6/3/2025 14:13,6,north,South,High,27.71,,1
O00849,C0412,Passenger,5/5/2024 22:41,4,Airport,NORTH,High,230.22,App,0
O00850,C0601,Parcel,7/31/2024 21:27,6,West,East,High,24.48,App,0
O00851,C0480,Business,4/23/2024 19:05,12,SOUTH,RiverSide,Medium,49.34,Phone,0
O00852,C0599,Retail,7/13/2025 16:22,2,NORTH,Riverside,Medium,126.8,,1
O00853,C0335,Parcel,11/24/2025 3:05,24,SOUTH,EAST,Low,22.04,App,0
O00854,C0343,Parcel,9/1/2024 3:05,4,AIRPORT,AIRPORT,Low,90.75,Web,0
O00855,C0342,Parcel,1/11/2025 8:19,6,AIRPORT,South,Critical,140.01,Web,0
O00856,C0574,Parcel,11/12/2024 9:09,12,South,Central,High,58.06,App,0
O00857,C0104,Retail,5/20/2025 19:36,1,Ctr,WEST,High,140.14,App,1
O00858,C0045,Parcel,12/8/2024 6:00,1,RiverSide,West,Critical,129.56,Web,0
O00859,C0476,Retail,3/21/2024 2:02,6,Airport,Ctr,Low,83.53,App,1
O00860,C0076,Medical,4/26/2024 21:44,2,EAST,SOUTH,Medium,292.33,App,0
O00861,C0265,Passenger,9/5/2025 6:33,2,EAST,CENTRAL,Medium,90.82,App,0
O00862,C0599,Retail,1/29/2025 14:26,4,East,NORTH,Medium,84.14,Phone,0
O00863,C0274,Passenger,9/17/2025 18:41,12,RiverSide,West,Low,29.36,Phone,0
O00864,C0246,Business,8/3/2024 23:48,4,Airport,Central,Low,45.78,Phone,0
O00865,C0597,Parcel,3/22/2024 0:53,2,EAST,South,Medium,55.13,Web,0
O00866,C0317,Parcel,3/1/2024 22:46,24,West,RiverSide,Medium,117.83,Web,0
O00867,C0313,Parcel,2/1/2024 21:43,6,RiverSide,Ctr,Low,34.43,App,0
O00868,C0037,Passenger,5/18/2024 13:51,4,Central,WEST,Medium,117.19,Phone,1
O00869,C0490,Parcel,2/26/2024 5:39,4,CENTRAL,Riverside,Medium,59.8,App,1
O00870,C0092,Passenger,10/27/2024 14:16,12,South,Airport,High,144.13,Web,0
O00871,C0298,Parcel,12/24/2025 4:16,6,RiverSide,north,High,46.35,Phone,0
O00872,C0294,Medical,11/3/2024 11:01,2,East,South,Low,113.37,App,0
O00873,C0015,Parcel,11/28/2024 12:06,6,North,South,High,106.49,,0
O00874,C0360,Parcel,6/15/2024 14:10,6,East,West,High,246.43,Phone,0
O00875,C0027,Business,10/31/2025 20:59,12,north,East,High,64.89,Web,0
O00876,C0301,Parcel,4/29/2025 19:53,4,WEST,AIRPORT,Low,75.93,App,0
O00877,C0277,Retail,11/29/2024 8:51,4,EAST,West,Medium,14.29,Phone,0
O00878,C0190,Medical,9/12/2024 0:26,6,RiverSide,WEST,Low,35.24,App,0
O00879,C0419,Medical,7/4/2025 0:21,4,SOUTH,West,Low,123.72,App,0
O00880,C0020,Parcel,8/24/2024 17:56,24,South,North,Low,51.19,App,1
O00881,C0545,Passenger,12/31/2024 10:00,6,Riverside,South,Low,83.23,App,0
O00882,C0204,Parcel,9/1/2024 10:50,2,Ctr,CENTRAL,High,141.57,Phone,0
O00883,C0335,Business,3/22/2024 17:10,12,NORTH,North,Medium,139.75,Web,0
O00884,C0339,Parcel,4/17/2024 1:52,6,Central,West,Medium,16.66,Web,0
O00885,C0338,Medical,11/17/2024 13:40,24,RiverSide,Central,Critical,125.38,App,0
O00886,C0618,Passenger,12/11/2024 11:04,1,East,CENTRAL,Low,88.24,App,1
O00887,C0434,Retail,7/4/2025 3:29,24,Central,NORTH,Low,173.81,Phone,0
O00888,C0254,Medical,6/13/2024 6:33,2,RiverSide,Riverside,Low,139.5,App,0
O00889,C0322,Retail,2/24/2024 20:42,4,West,WEST,Critical,40.25,App,0
O00890,C0232,Retail,7/5/2025 7:58,24,CENTRAL,EAST,High,88.41,App,0
O00891,C0449,Passenger,2/21/2025 16:44,2,Ctr,Airport,Medium,82.47,Web,0
O00892,C0157,Passenger,10/8/2025 2:41,2,AIRPORT,Airport,Medium,326.38,Web,0
O00893,C0391,Business,8/5/2024 6:18,2,South,SOUTH,High,33.29,Phone,0
O00894,C0636,Parcel,1/14/2024 22:16,2,EAST,AIRPORT,Low,114.94,Web,0
O00895,C0599,Parcel,3/17/2025 22:07,4,RiverSide,Central,Medium,63.95,API,0
O00896,C0145,Passenger,6/29/2024 19:28,6,East,South,Low,50.35,App,0
O00897,C0434,Passenger,9/21/2025 21:10,6,South,WEST,Low,101.28,Web,0
O00898,C0643,Passenger,12/8/2025 23:18,24,East,north,Low,82.8,App,0
O00899,C0440,Passenger,2/4/2025 7:21,6,Airport,Riverside,Critical,184.27,Web,0
O00900,C0248,Passenger,9/20/2024 0:05,2,Riverside,AIRPORT,High,100.64,API,0
O00901,C0222,Retail,12/8/2025 6:41,2,CENTRAL,Airport,Critical,136.84,Phone,0
O00902,C0309,Parcel,9/22/2024 19:41,6,East,West,Medium,70.09,App,0
O00903,C0380,Parcel,10/20/2025 23:37,4,Ctr,EAST,Low,18.78,Web,1
O00904,C0618,Passenger,5/25/2024 20:04,4,Airport,Airport,Low,95.34,App,0
O00905,C0622,Parcel,9/4/2025 2:44,6,EAST,Central,Medium,63.25,App,0
O00906,C0480,Passenger,2/4/2025 9:04,24,WEST,RiverSide,High,133.71,App,0
O00907,C0173,Business,3/6/2024 23:04,6,East,East,Medium,37.24,Phone,0
O00908,C0167,Parcel,7/2/2025 0:04,6,AIRPORT,East,Low,142.89,App,1
O00909,C0324,Business,1/5/2025 2:09,12,north,EAST,High,117.13,App,0
O00910,C0465,Business,7/24/2025 3:46,6,north,north,Medium,159.86,App,0
O00911,C0214,Retail,5/20/2025 20:32,4,Riverside,Central,High,24.34,App,0
O00912,C0325,Business,12/5/2025 8:58,6,East,WEST,Low,39.19,Phone,1
O00913,C0091,Retail,4/5/2025 5:57,6,WEST,SOUTH,Low,14.48,Phone,0
O00914,C0258,Retail,4/12/2024 8:19,6,SOUTH,north,Medium,217.46,App,0
O00915,C0499,Parcel,2/8/2025 13:44,24,SOUTH,Riverside,Critical,93.22,Web,0
O00916,C0328,Passenger,12/7/2025 5:28,12,South,South,Medium,68.21,App,0
O00917,C0027,Retail,4/7/2024 14:21,6,Ctr,CENTRAL,Low,30.8,,0
O00918,C0147,Business,11/26/2024 6:01,1,Riverside,NORTH,Critical,50.49,App,1
O00919,C0619,Retail,2/1/2025 7:06,4,RiverSide,north,Low,229.93,App,0
O00920,C0242,Passenger,8/1/2024 11:42,12,RiverSide,EAST,Low,74.71,App,0
O00921,C0448,Retail,12/9/2024 8:39,4,East,Central,Medium,198.22,App,0
O00922,C0467,Retail,1/11/2024 6:04,12,WEST,CENTRAL,Low,41.3,Phone,0
O00923,C0334,Parcel,4/1/2024 5:50,1,WEST,West,Low,69.93,App,0
O00924,C0139,Retail,11/6/2025 21:37,24,WEST,Ctr,Low,44.93,API,1
O00925,C0530,Business,11/15/2024 21:16,12,South,AIRPORT,Low,162.25,Web,0
O00926,C0322,Parcel,7/3/2024 1:09,12,East,EAST,Low,50.92,Phone,0
O00927,C0533,Medical,5/7/2025 3:53,6,north,West,Medium,76.32,App,0
O00928,C0231,Parcel,2/28/2024 12:16,24,South,AIRPORT,Medium,60.36,App,0
O00929,C0195,Parcel,10/29/2025 2:36,2,Central,RiverSide,Medium,117.07,Phone,0
O00930,C0370,Retail,8/20/2025 7:03,4,Ctr,RiverSide,High,133.79,App,0
O00931,C0213,Parcel,3/7/2024 9:00,4,north,NORTH,High,70.8,App,0
O00932,C0221,Parcel,10/1/2024 4:59,2,Airport,West,Medium,51.33,Phone,0
O00933,C0534,Passenger,12/29/2024 11:34,6,South,AIRPORT,High,96.98,Phone,1
O00934,C0437,Business,6/29/2024 4:23,4,NORTH,East,Medium,80.26,App,0
O00935,C0404,Parcel,9/14/2024 11:23,12,East,EAST,High,132.13,Phone,1
O00936,C0498,Passenger,6/19/2024 16:42,4,Central,Airport,High,129,Web,0
O00937,C0549,Parcel,4/24/2024 7:58,4,Riverside,SOUTH,High,31.56,App,0
O00938,C0567,Business,6/18/2024 9:48,6,Central,CENTRAL,Medium,151.14,Web,0
O00939,C0085,Medical,1/24/2025 0:14,12,South,SOUTH,Critical,91.71,App,1
O00940,C0575,Parcel,10/26/2025 6:56,6,WEST,West,High,99.21,Phone,0
O00941,C0571,Passenger,8/12/2024 12:54,1,West,West,High,110.52,Web,0
O00942,C0291,Passenger,1/9/2025 7:41,12,Ctr,RiverSide,High,101.75,App,0
O00943,C0372,Passenger,4/28/2025 8:55,4,NORTH,West,Low,157.16,API,1
O00944,C0343,Passenger,1/8/2024 1:06,24,Ctr,North,Low,216.6,App,1
O00945,C0567,Retail,11/10/2025 12:53,6,North,north,Medium,155.97,App,0
O00946,C0558,Parcel,1/13/2025 7:18,24,South,South,Medium,113.57,App,0
O00947,C0467,Passenger,1/31/2024 15:28,4,North,North,High,89.52,App,0
O00948,C0626,Business,5/14/2025 3:07,6,NORTH,West,Low,60.77,App,0
O00949,C0023,Medical,4/15/2025 17:45,24,WEST,WEST,Medium,71.3,Web,0
O00950,C0564,Passenger,5/18/2025 2:25,24,South,AIRPORT,Medium,82.99,Phone,0
O00951,C0199,Passenger,4/30/2024 15:30,6,East,AIRPORT,Low,208.66,Phone,0
O00952,C0156,Passenger,6/26/2024 7:27,4,CENTRAL,Riverside,Medium,183.79,App,0
O00953,C0193,Parcel,3/26/2025 1:07,12,SOUTH,South,Medium,3.57,App,0
O00954,C0599,Passenger,7/14/2024 2:17,4,South,South,Critical,62.7,Web,0
O00955,C0163,Passenger,1/4/2025 14:30,4,Central,WEST,Low,50.43,,0
O00956,C0257,Medical,9/1/2024 10:35,4,West,SOUTH,Medium,53.1,App,0
O00957,C0385,Passenger,2/28/2024 2:32,1,north,north,Critical,12.91,App,0
O00958,C0132,Passenger,8/15/2024 15:47,4,Airport,CENTRAL,Critical,33.24,Web,0
O00959,C0545,Medical,8/9/2024 18:39,12,Airport,SOUTH,Low,88.7,Phone,1
O00960,C0554,Passenger,1/20/2025 3:03,1,Riverside,NORTH,Medium,86.06,App,0
O00961,C0307,Parcel,3/18/2025 16:03,4,Ctr,Airport,Medium,168.98,App,1
O00962,C0113,Passenger,9/2/2024 16:10,4,SOUTH,Central,Low,108.48,,0
O00963,C0528,Medical,6/6/2025 10:13,24,north,East,Medium,30.53,API,0
O00964,C0247,Retail,4/13/2024 2:30,2,CENTRAL,SOUTH,High,178.23,Phone,0
O00965,C0384,Passenger,9/28/2024 14:59,6,EAST,North,Low,76.97,Web,0
O00966,C0568,Retail,4/16/2025 23:08,12,Ctr,CENTRAL,High,29.24,App,1
O00967,C0343,Business,3/17/2024 14:40,6,North,WEST,Medium,50.8,App,0
O00968,C0529,Business,11/21/2024 3:13,12,South,Central,Medium,76.41,App,0
O00969,C0372,Parcel,10/14/2024 21:50,2,NORTH,Riverside,High,36.75,Phone,0
O00970,C0099,Retail,1/4/2025 2:07,2,north,AIRPORT,Medium,29.04,Web,0
O00971,C0405,Parcel,12/21/2025 15:30,6,CENTRAL,South,High,14.62,App,0
O00972,C0396,Parcel,9/20/2024 5:32,24,East,South,Medium,95.82,Web,1
O00973,C0506,Parcel,1/12/2024 20:41,1,Airport,WEST,Low,81.56,App,0
O00974,C0071,Retail,6/11/2025 0:41,4,EAST,RiverSide,Medium,74.02,App,0
O00975,C0455,Retail,4/26/2025 21:47,4,Central,South,Medium,33.56,App,0
O00976,C0078,Medical,2/2/2024 17:41,24,CENTRAL,East,High,40.78,Phone,0
O00977,C0235,Retail,8/27/2024 15:42,4,West,West,Medium,25.58,App,1
O00978,C0515,Parcel,9/11/2025 4:41,24,RiverSide,CENTRAL,High,124.25,App,0
O00979,C0257,Business,1/8/2025 4:24,12,north,WEST,Low,54.09,Phone,0
O00980,C0545,Parcel,11/25/2024 23:02,4,West,Riverside,Medium,510.06,App,0
O00981,C0597,Medical,1/11/2025 21:57,24,AIRPORT,Riverside,High,107.45,App,0
O00982,C0616,Parcel,10/28/2025 5:44,4,EAST,north,Critical,131.9,App,0
O00983,C0538,Passenger,8/20/2024 0:38,4,CENTRAL,North,Medium,122.09,Web,0
O00984,C0155,Parcel,4/14/2025 23:05,6,EAST,WEST,Medium,79.05,App,0
O00985,C0461,Parcel,4/5/2025 6:54,6,North,WEST,Low,117.68,App,0
O00986,C0303,Parcel,2/6/2024 9:28,24,South,South,Medium,111.61,Phone,0
O00987,C0612,Retail,5/23/2024 6:19,24,WEST,Ctr,High,115.17,App,0
O00988,C0330,Parcel,11/17/2024 18:12,6,CENTRAL,RiverSide,Low,43.93,App,0
O00989,C0351,Medical,3/8/2024 12:01,1,north,Central,Medium,89.8,API,0
O00990,C0053,Retail,11/26/2025 5:00,4,South,CENTRAL,High,199.17,Phone,0
O00991,C0175,Business,1/3/2025 15:14,4,East,Ctr,High,61.06,App,0
O00992,C0438,Retail,3/8/2024 15:23,4,Ctr,South,High,54.25,Phone,0
O00993,C0440,Passenger,6/7/2025 23:31,24,EAST,north,High,51.85,Phone,1
O00994,C0521,Retail,11/19/2025 6:39,1,SOUTH,SOUTH,High,40.11,API,0
O00995,C0622,Passenger,8/9/2024 6:53,24,Central,West,Medium,202.67,Phone,0
O00996,C0238,Passenger,4/26/2025 6:19,4,Central,EAST,High,52.53,App,1
O00997,C0560,Retail,4/12/2025 8:14,4,South,West,Critical,59.22,Web,0
O00998,C0169,Parcel,11/25/2024 1:26,6,North,South,Medium,23.86,Phone,1
O00999,C0613,Retail,6/30/2024 10:26,24,RiverSide,SOUTH,High,170.69,Web,1
O01000,C0576,Retail,11/15/2025 22:01,6,AIRPORT,WEST,Medium,59.9,API,1
O01001,C0413,Passenger,8/5/2025 11:49,12,WEST,Ctr,High,78.37,Web,0
O01002,C0607,Business,6/14/2024 7:52,12,WEST,West,Medium,109.31,Web,1
O01003,C0473,Passenger,1/1/2024 4:38,24,AIRPORT,WEST,Low,60.87,Web,0
O01004,C0056,Retail,9/21/2024 19:29,2,Central,Airport,High,98.19,Web,0
O01005,C0104,Business,5/1/2025 17:35,12,RiverSide,SOUTH,High,127.67,App,0
O01006,C0112,Parcel,12/29/2025 12:08,12,CENTRAL,East,High,74.48,Phone,1
O01007,C0556,Medical,9/24/2024 7:35,12,Riverside,RiverSide,Medium,46.92,App,0
O01008,C0575,Parcel,5/3/2024 8:26,12,West,north,High,76.64,App,0
O01009,C0545,Passenger,6/1/2024 4:33,4,EAST,Riverside,Medium,167.86,Web,1
O01010,C0018,Business,5/18/2024 18:20,6,WEST,South,Low,55.14,,0
O01011,C0257,Business,2/28/2024 5:14,12,AIRPORT,SOUTH,Low,103.05,App,1
O01012,C0532,Retail,3/8/2025 5:05,1,Riverside,Ctr,Critical,99.1,App,0
O01013,C0185,Passenger,8/22/2025 14:50,4,Ctr,north,Low,76.79,Web,0
O01014,C0106,Medical,2/22/2025 8:56,1,South,Airport,Medium,47.39,App,0
O01015,C0226,Passenger,8/6/2025 21:14,6,RiverSide,Ctr,High,40.54,Phone,0
O01016,C0407,Retail,6/3/2024 23:17,6,Airport,SOUTH,High,76.82,,0
O01017,C0201,Retail,12/30/2025 13:06,6,CENTRAL,WEST,High,30.84,Phone,0
O01018,C0180,Parcel,2/22/2024 13:58,12,West,AIRPORT,Medium,98.9,App,0
O01019,C0626,Parcel,4/16/2024 0:57,4,West,EAST,High,206.52,App,0
O01020,C0321,Retail,10/23/2024 2:18,2,Airport,South,High,77.64,App,0
O01021,C0625,Retail,6/28/2024 4:26,6,WEST,CENTRAL,High,78.29,API,0
O01022,C0061,Retail,3/16/2024 16:24,24,East,SOUTH,Medium,43.98,Web,0
O01023,C0243,Parcel,11/3/2024 21:41,6,RiverSide,Ctr,Medium,89.2,,0
O01024,C0396,Passenger,12/23/2025 16:37,4,NORTH,WEST,Low,129.76,App,0
O01025,C0390,Parcel,4/29/2024 14:15,6,WEST,North,Medium,75.72,App,0
O01026,C0309,Business,5/26/2025 21:33,1,West,Ctr,High,20.25,Phone,0
O01027,C0492,Parcel,8/23/2025 21:51,4,EAST,Central,Medium,97.55,App,0
O01028,C0373,Passenger,1/13/2025 16:35,4,SOUTH,South,Medium,109.71,API,1
O01029,C0478,Retail,7/16/2024 13:04,1,EAST,NORTH,Medium,87.86,App,0
O01030,C0279,Parcel,8/29/2025 8:36,6,Ctr,West,High,186.34,Web,1
O01031,C0578,Business,1/26/2025 5:55,6,East,Central,Medium,80.04,Web,0
O01032,C0357,Passenger,12/9/2025 8:41,4,WEST,EAST,High,74.27,Phone,0
O01033,C0234,Medical,8/30/2024 13:23,1,WEST,Central,Low,11.57,Phone,1
O01034,C0032,Business,6/20/2025 8:43,24,East,SOUTH,Medium,9.2,Web,0
O01035,C0508,Business,3/16/2024 22:47,6,EAST,RiverSide,Low,54.57,App,0
O01036,C0647,Medical,2/28/2024 19:43,4,CENTRAL,NORTH,Low,66.82,App,1
O01037,C0226,Passenger,4/28/2025 6:43,6,South,NORTH,High,55.58,Web,0
O01038,C0141,Business,12/1/2024 0:28,6,West,SOUTH,Critical,20.72,Phone,0
O01039,C0171,Passenger,5/1/2025 10:43,6,West,Riverside,Low,84.17,App,1
O01040,C0290,Passenger,12/27/2025 20:56,4,AIRPORT,CENTRAL,Medium,59.93,Web,1
O01041,C0551,Passenger,7/3/2024 14:20,4,South,West,Medium,41.43,App,0
O01042,C0571,Passenger,8/26/2024 13:05,12,AIRPORT,EAST,Low,54.55,Phone,0
O01043,C0371,Retail,7/31/2024 17:26,12,CENTRAL,RiverSide,Medium,93.72,Phone,1
O01044,C0190,Retail,2/14/2025 4:57,12,AIRPORT,Riverside,Low,70.39,App,1
O01045,C0506,Parcel,8/26/2024 11:47,1,Ctr,AIRPORT,High,53.78,Web,1
O01046,C0591,Retail,12/26/2025 11:24,24,SOUTH,East,High,169.64,Phone,0
O01047,C0121,Parcel,11/10/2025 15:49,4,West,RiverSide,High,32.59,Phone,0
O01048,C0458,Medical,1/8/2025 4:14,12,Airport,AIRPORT,Medium,160.1,Phone,1
O01049,C0527,Retail,10/17/2025 6:56,12,West,West,Medium,69.8,App,0
O01050,C0363,Passenger,9/29/2024 3:02,6,CENTRAL,South,Medium,73.98,API,0
O01051,C0288,Retail,6/6/2025 4:56,4,Central,AIRPORT,Low,74.57,Phone,0
O01052,C0429,Retail,2/19/2025 19:26,6,East,SOUTH,Low,91.5,App,0
O01053,C0106,Passenger,10/23/2025 2:30,6,EAST,West,Low,285.05,App,0
O01054,C0216,Retail,8/19/2025 14:21,4,South,Airport,Medium,260.15,Web,0
O01055,C0621,Parcel,8/13/2025 17:22,6,north,South,Medium,33.59,Web,0
O01056,C0203,Retail,12/19/2024 22:48,4,EAST,AIRPORT,Medium,111.26,Phone,1
O01057,C0579,Passenger,3/23/2025 10:11,4,AIRPORT,north,Medium,50.3,App,0
O01058,C0215,Retail,5/8/2025 22:01,6,AIRPORT,WEST,Low,179.11,App,0
O01059,C0107,Business,11/23/2025 21:49,6,East,East,Medium,19.55,App,0
O01060,C0277,Parcel,6/13/2024 12:23,2,West,north,Low,103.55,Web,0
O01061,C0535,Retail,4/29/2024 20:49,2,Central,WEST,Medium,13.17,App,0
O01062,C0559,Medical,10/26/2024 17:41,4,East,Central,Medium,128.73,App,1
O01063,C0054,Retail,7/27/2024 20:15,12,East,Riverside,Medium,47.11,App,1
O01064,C0095,Passenger,12/22/2025 18:49,12,CENTRAL,AIRPORT,Medium,48.29,App,1
O01065,C0436,Parcel,7/20/2024 11:49,4,South,South,Medium,35.51,Web,1
O01066,C0084,Business,11/4/2024 20:16,2,EAST,Airport,Low,54.18,Phone,1
O01067,C0304,Retail,6/16/2024 2:38,12,north,West,Low,8.17,API,0
O01068,C0089,Passenger,4/10/2025 21:56,2,RiverSide,WEST,Low,53.32,App,0
O01069,C0219,Passenger,8/25/2025 1:12,12,Central,north,High,18.2,App,1
O01070,C0335,Parcel,1/16/2024 19:34,24,East,NORTH,Low,153.81,Phone,0
O01071,C0055,Retail,2/26/2025 23:35,12,South,EAST,Medium,97.8,App,0
O01072,C0384,Passenger,10/5/2024 0:04,6,WEST,north,High,172.79,App,0
O01073,C0047,Passenger,1/5/2024 5:05,6,Central,Airport,Medium,34.23,App,0
O01074,C0499,Passenger,12/13/2025 7:00,2,Ctr,SOUTH,Low,51.75,App,0
O01075,C0260,Passenger,6/26/2024 7:11,2,East,AIRPORT,High,181.2,App,0
O01076,C0035,Business,9/28/2024 22:50,6,SOUTH,AIRPORT,Critical,46.37,App,0
O01077,C0021,Retail,8/30/2024 0:01,4,North,Riverside,Low,130.85,App,0
O01078,C0622,Parcel,4/26/2024 2:59,6,AIRPORT,Riverside,Low,91.33,Web,1
O01079,C0017,Passenger,3/31/2024 6:09,24,South,Riverside,Medium,190.5,App,0
O01080,C0107,Passenger,4/26/2025 10:04,1,Ctr,North,High,65.57,App,1
O01081,C0581,Medical,6/18/2025 11:20,2,West,Airport,Critical,10.07,App,1
O01082,C0530,Medical,10/25/2024 13:47,24,RiverSide,WEST,Medium,43.58,Web,0
O01083,C0156,Retail,5/5/2025 8:21,12,EAST,South,Low,29.43,Phone,0
O01084,C0416,Passenger,2/26/2024 2:16,4,Central,SOUTH,Medium,64.17,App,0
O01085,C0051,Medical,6/15/2024 8:05,6,CENTRAL,West,High,150.85,App,0
O01086,C0276,Passenger,3/5/2024 19:03,4,Airport,South,Low,140.6,Phone,0
O01087,C0248,Parcel,12/14/2025 8:08,1,Airport,WEST,Low,116.34,Web,0
O01088,C0444,Parcel,12/2/2024 10:32,6,north,WEST,Medium,49.16,Web,1
O01089,C0035,Retail,5/18/2025 4:12,2,RiverSide,NORTH,Low,7.74,Phone,0
O01090,C0414,Medical,9/11/2025 17:51,24,South,Airport,Critical,58.6,App,0
O01091,C0471,Business,2/22/2024 4:53,2,RiverSide,AIRPORT,Medium,49.37,App,0
O01092,C0482,Passenger,12/10/2025 13:24,6,north,EAST,Low,97.48,Web,0
O01093,C0205,Retail,10/29/2024 22:01,12,Riverside,West,Low,38.72,App,1
O01094,C0204,Parcel,8/22/2024 9:51,2,East,RiverSide,Medium,208.68,Phone,0
O01095,C0612,Business,3/14/2024 15:06,6,South,AIRPORT,High,23.65,Web,0
O01096,C0036,Passenger,3/8/2024 18:09,4,North,AIRPORT,Medium,163.56,App,0
O01097,C0390,Retail,7/14/2024 22:28,12,Airport,north,Low,59.58,App,0
O01098,C0093,Retail,4/24/2025 7:39,2,North,Riverside,Low,17.79,Web,0
O01099,C0302,Retail,4/5/2024 21:30,24,East,Ctr,Critical,35.33,App,0
O01100,C0239,Business,8/1/2025 13:08,4,AIRPORT,East,High,41.49,App,0
O01101,C0023,Parcel,1/14/2024 6:59,6,RiverSide,north,Medium,38.39,Phone,1
O01102,C0323,Passenger,8/19/2025 6:06,4,Airport,WEST,Medium,81.39,API,1
O01103,C0337,Passenger,10/11/2025 14:15,24,NORTH,EAST,Medium,95.68,App,0
O01104,C0480,Parcel,9/21/2024 16:27,12,EAST,RiverSide,Low,55.13,Web,0
O01105,C0239,Business,6/18/2025 17:21,12,East,WEST,Medium,13.4,Phone,0
O01106,C0175,Business,2/28/2024 0:14,12,EAST,Ctr,Medium,22.49,Web,0
O01107,C0182,Business,1/25/2024 7:32,12,Airport,Central,Medium,282.35,App,0
O01108,C0235,Parcel,10/24/2024 6:40,4,NORTH,Central,Critical,164.37,Web,0
O01109,C0598,Business,12/8/2025 14:39,2,AIRPORT,Riverside,Low,16.12,Phone,0
O01110,C0232,Passenger,7/15/2024 5:13,1,South,Airport,Low,82.48,App,0
O01111,C0167,Retail,11/14/2024 21:57,6,SOUTH,north,Low,18.03,App,1
O01112,C0301,Business,9/24/2024 4:10,2,East,WEST,Critical,278.14,App,0
O01113,C0599,Passenger,3/4/2024 7:29,6,RiverSide,NORTH,High,94.63,Web,0
O01114,C0278,Passenger,12/13/2024 22:45,1,Riverside,East,Medium,94.52,App,0
O01115,C0492,Business,11/28/2025 22:50,1,West,Ctr,Medium,63.15,Web,0
O01116,C0556,Medical,11/13/2024 12:20,6,East,WEST,Medium,61.33,App,0
O01117,C0296,Parcel,6/19/2025 23:19,6,Airport,EAST,High,59.12,App,0
O01118,C0106,Passenger,2/26/2024 19:20,4,WEST,WEST,High,65.93,App,0
O01119,C0627,Medical,4/1/2024 9:03,6,Ctr,North,Medium,47.89,Phone,0
O01120,C0182,Medical,11/28/2024 16:15,2,South,West,Low,62.79,App,0
O01121,C0078,Retail,6/3/2024 5:59,12,CENTRAL,SOUTH,High,73.49,App,0
O01122,C0390,Parcel,10/6/2025 7:29,12,SOUTH,Riverside,High,131.53,App,0
O01123,C0274,Parcel,1/31/2024 6:20,24,South,West,High,98.07,App,1
O01124,C0015,Business,5/2/2024 16:45,4,Riverside,South,High,148.02,App,1
O01125,C0510,Parcel,6/17/2025 11:43,12,West,Central,Low,47.38,Phone,0
O01126,C0587,Parcel,5/2/2025 16:19,4,SOUTH,Central,Medium,15.01,Web,0
O01127,C0296,Retail,3/17/2024 3:42,1,Riverside,CENTRAL,Medium,104.37,Web,1
O01128,C0588,Passenger,3/12/2024 19:24,6,WEST,AIRPORT,Medium,12.73,App,0
O01129,C0292,Medical,3/23/2025 15:04,6,NORTH,Airport,Low,139.29,App,0
O01130,C0649,Business,9/15/2024 21:32,4,EAST,north,Low,94.24,App,0
O01131,C0110,Medical,8/15/2024 14:20,4,AIRPORT,north,Low,150.77,App,1
O01132,C0588,Business,5/3/2025 22:26,2,South,RiverSide,Low,81.66,App,0
O01133,C0318,Parcel,12/23/2025 11:34,24,EAST,WEST,Medium,8.61,Phone,0
O01134,C0248,Retail,4/2/2025 23:59,4,CENTRAL,South,Low,87.01,App,0
O01135,C0505,Parcel,11/18/2024 19:03,4,West,West,High,103.41,Web,0
O01136,C0529,Retail,4/17/2024 14:05,1,Ctr,NORTH,Low,123.74,,1
O01137,C0213,Passenger,10/14/2025 8:08,2,SOUTH,Central,Medium,101.93,App,1
O01138,C0409,Parcel,2/8/2024 17:08,2,AIRPORT,South,Medium,41.05,App,0
O01139,C0474,Medical,3/5/2024 14:43,6,EAST,EAST,Medium,87.44,App,0
O01140,C0244,Passenger,9/26/2025 1:19,6,EAST,South,Low,97.23,App,0
O01141,C0630,Business,11/4/2025 2:54,4,East,North,Low,36.73,App,1
O01142,C0136,Retail,11/7/2025 10:27,24,EAST,West,High,91.95,App,0
O01143,C0467,Retail,6/16/2025 2:09,2,RiverSide,East,Low,217.11,Phone,0
O01144,C0571,Passenger,2/7/2025 22:06,4,Riverside,South,Medium,17.71,App,1
O01145,C0548,Passenger,2/22/2024 1:18,24,East,NORTH,Medium,301.38,App,0
O01146,C0118,Business,11/17/2025 4:33,6,South,EAST,High,61.63,Phone,0
O01147,C0165,Retail,4/19/2024 22:04,2,SOUTH,South,Low,149.49,App,0
O01148,C0606,Passenger,11/19/2024 5:52,24,Ctr,Riverside,Medium,122.59,App,0
O01149,C0246,Business,6/28/2025 19:53,24,Riverside,AIRPORT,Low,34.67,App,0
O01150,C0270,Passenger,2/20/2025 5:15,1,north,West,Low,144.76,Phone,0
O01151,C0100,Retail,6/26/2024 12:48,12,South,north,Medium,94.09,App,0
O01152,C0247,Passenger,3/12/2025 22:21,24,Riverside,WEST,High,192.23,App,0
O01153,C0004,Business,1/6/2025 3:57,2,Ctr,AIRPORT,High,59.44,App,0
O01154,C0588,Medical,9/5/2024 14:35,12,SOUTH,South,Low,25.19,Phone,0
O01155,C0021,Parcel,4/29/2024 2:16,4,AIRPORT,East,Low,56.45,Web,0
O01156,C0430,Passenger,1/30/2025 15:14,12,South,WEST,Medium,47,App,0
O01157,C0012,Parcel,7/8/2024 19:51,1,Riverside,East,High,123.37,Web,0
O01158,C0075,Parcel,10/22/2024 14:25,24,NORTH,WEST,Medium,40.06,Phone,0
O01159,C0069,Passenger,7/25/2024 23:50,24,WEST,NORTH,Low,47.65,Phone,1
O01160,C0548,Parcel,5/12/2024 23:12,4,Riverside,Airport,High,171.67,App,0
O01161,C0359,Passenger,5/17/2025 3:55,4,Riverside,North,High,32.02,App,0
O01162,C0261,Passenger,6/9/2025 10:51,2,RiverSide,EAST,Medium,89.31,API,0
O01163,C0399,Parcel,9/10/2024 0:16,4,North,EAST,Low,13.49,App,1
O01164,C0530,Parcel,6/9/2025 15:52,4,RiverSide,West,High,197.5,App,0
O01165,C0478,Passenger,12/13/2025 4:54,6,EAST,WEST,Low,118.02,Phone,0
O01166,C0053,Parcel,9/22/2025 10:20,4,West,north,Medium,57.89,Web,1
O01167,C0336,Parcel,6/25/2024 23:47,6,Central,East,Low,103.78,App,0
O01168,C0575,Passenger,12/15/2024 21:12,12,AIRPORT,CENTRAL,Medium,30.78,Web,1
O01169,C0158,Parcel,11/6/2025 13:03,4,Airport,EAST,Medium,145.59,Web,0
O01170,C0321,Passenger,1/1/2024 7:36,6,Ctr,West,Low,104.64,Web,0
O01171,C0508,Passenger,12/18/2024 0:50,6,RiverSide,Ctr,Medium,52.73,Web,0
O01172,C0383,Medical,9/17/2024 19:02,4,North,RiverSide,Medium,111.98,Phone,0
O01173,C0194,Passenger,2/8/2024 10:14,6,NORTH,AIRPORT,Medium,41.11,Phone,0
O01174,C0605,Passenger,11/21/2024 8:23,6,RiverSide,Airport,Critical,104.71,Web,0
O01175,C0623,Retail,11/4/2024 11:39,24,WEST,Airport,Low,63.42,Web,0
O01176,C0461,Parcel,12/27/2024 12:24,6,north,RiverSide,High,93.51,App,1
O01177,C0611,Parcel,10/17/2024 3:14,12,Ctr,South,High,63.29,App,0
O01178,C0362,Medical,1/13/2024 21:26,4,West,Riverside,Critical,2.04,Web,0
O01179,C0207,Passenger,10/13/2025 18:48,6,RiverSide,CENTRAL,High,64.87,App,0
O01180,C0197,Passenger,9/7/2024 20:51,2,Airport,CENTRAL,High,109.31,Web,1
O01181,C0346,Retail,2/23/2024 23:10,6,West,EAST,High,95.57,App,0
O01182,C0256,Passenger,6/3/2024 9:16,6,Airport,North,High,128.45,App,0
O01183,C0351,Retail,5/31/2025 20:20,2,West,Ctr,Medium,53.74,App,0
O01184,C0253,Business,1/24/2025 13:53,12,RiverSide,West,Medium,25.61,Web,0
O01185,C0591,Parcel,11/10/2024 4:15,12,Airport,Riverside,Medium,59.09,App,0
O01186,C0184,Medical,7/6/2025 22:21,1,RiverSide,West,Medium,96.23,Web,0
O01187,C0451,Medical,11/17/2025 1:22,1,NORTH,AIRPORT,Low,53.13,App,0
O01188,C0291,Parcel,6/25/2024 10:56,1,Ctr,WEST,Critical,83.85,Phone,0
O01189,C0353,Parcel,5/22/2024 23:55,6,Airport,RiverSide,Low,129.6,Web,0
O01190,C0168,Parcel,11/24/2025 17:41,4,East,Central,High,34.37,App,0
O01191,C0258,Business,2/19/2024 17:29,2,East,North,Low,91.82,App,0
O01192,C0200,Business,12/13/2024 15:50,2,Airport,Ctr,Medium,79.83,Web,0
O01193,C0519,Medical,4/17/2025 23:55,6,EAST,CENTRAL,Medium,11.71,API,0
O01194,C0229,Passenger,8/7/2024 23:21,2,South,Airport,Medium,88.17,App,1
O01195,C0529,Retail,1/4/2025 7:04,2,AIRPORT,CENTRAL,Medium,94.26,Phone,0
O01196,C0109,Parcel,4/12/2024 3:20,4,South,EAST,Low,79.58,Phone,0
O01197,C0359,Retail,1/27/2024 0:14,24,Ctr,AIRPORT,Medium,63.08,App,0
O01198,C0013,Retail,1/13/2025 2:39,6,NORTH,East,High,36.61,App,0
O01199,C0225,Business,3/10/2024 15:47,1,Ctr,WEST,Medium,119.36,App,0
O01200,C0433,Passenger,2/23/2024 6:55,6,RiverSide,RiverSide,Low,68.78,Web,0
O01201,C0650,Parcel,4/18/2025 20:25,12,Riverside,north,Medium,80.58,App,0
O01202,C0459,Retail,11/14/2024 15:24,6,East,North,Medium,65.73,Phone,0
O01203,C0445,Parcel,11/13/2024 20:40,24,WEST,RiverSide,Medium,141.68,Web,0
O01204,C0498,Passenger,8/13/2025 15:20,1,EAST,CENTRAL,Critical,162.33,App,0
O01205,C0559,Parcel,12/19/2024 23:53,4,WEST,NORTH,Low,65.7,Web,0
O01206,C0236,Medical,11/15/2024 23:55,4,CENTRAL,Riverside,High,142.54,Web,0
O01207,C0197,Business,12/26/2024 18:58,6,CENTRAL,RiverSide,Medium,321.68,App,0
O01208,C0098,Medical,4/18/2024 19:37,12,Riverside,South,Medium,116.78,Phone,1
O01209,C0182,Parcel,6/14/2025 2:30,2,RiverSide,CENTRAL,Medium,12.79,App,0
O01210,C0581,Medical,4/1/2025 13:00,2,Riverside,RiverSide,Medium,198.15,App,0
O01211,C0345,Medical,11/12/2025 7:13,24,SOUTH,SOUTH,Medium,17.36,API,0
O01212,C0262,Parcel,8/1/2024 11:34,2,West,SOUTH,Low,45.3,API,1
O01213,C0502,Retail,1/6/2025 21:44,12,SOUTH,RiverSide,High,90.58,App,0
O01214,C0386,Medical,5/7/2024 20:58,4,CENTRAL,NORTH,High,17.33,Phone,1
O01215,C0054,Business,8/5/2025 1:29,12,north,Airport,Medium,205.06,App,0
O01216,C0382,Passenger,8/28/2025 18:27,6,WEST,Airport,Low,37.65,,1
O01217,C0263,Passenger,1/25/2024 22:08,12,CENTRAL,SOUTH,High,121.06,Phone,0
O01218,C0065,Retail,3/15/2025 2:11,4,AIRPORT,north,Medium,101.68,Phone,0
O01219,C0164,Passenger,6/20/2025 9:52,4,North,Riverside,High,81.91,API,0
O01220,C0006,Passenger,6/11/2025 23:22,6,West,Airport,High,76.75,Phone,0
O01221,C0243,Passenger,4/13/2024 7:50,4,EAST,Ctr,Medium,183.7,App,0
O01222,C0361,Retail,9/10/2025 1:14,12,NORTH,EAST,Critical,105.79,Phone,0
O01223,C0522,Parcel,1/10/2025 23:27,12,East,Riverside,Medium,97.73,Web,0
O01224,C0296,Passenger,6/10/2024 12:40,4,Riverside,Central,Low,136.16,App,0
O01225,C0074,Parcel,12/27/2025 2:59,24,NORTH,Ctr,High,165.46,App,1
O01226,C0140,Passenger,3/2/2025 6:20,6,SOUTH,SOUTH,Medium,131.87,App,0
O01227,C0282,Medical,11/5/2024 10:32,2,Ctr,north,High,95.27,Phone,0
O01228,C0431,Retail,7/10/2024 15:34,6,WEST,north,Low,110.84,Web,0
O01229,C0399,Passenger,5/27/2025 0:42,1,EAST,Riverside,Medium,84.74,Phone,0
O01230,C0564,Parcel,5/26/2024 19:24,1,Central,NORTH,High,86.63,App,0
O01231,C0305,Medical,7/28/2025 5:11,6,Airport,East,Medium,45.16,App,1
O01232,C0189,Passenger,1/18/2024 20:35,6,WEST,East,Medium,55.4,App,1
O01233,C0520,Retail,4/25/2024 18:23,4,West,South,High,51.7,Phone,0
O01234,C0163,Parcel,2/24/2024 1:13,2,WEST,North,Medium,119.86,Phone,1
O01235,C0636,Medical,6/1/2025 0:57,1,North,Riverside,Low,67.31,Phone,0
O01236,C0543,Business,5/29/2025 22:57,12,South,AIRPORT,Low,156.71,App,0
O01237,C0357,Parcel,12/30/2025 6:32,12,Ctr,East,High,195.64,App,0
O01238,C0318,Passenger,4/18/2025 4:35,12,South,North,Medium,79.85,App,0
O01239,C0392,Retail,8/6/2024 4:09,2,SOUTH,West,Medium,57.51,Web,0
O01240,C0649,Passenger,10/8/2025 14:51,2,East,East,High,178.86,Phone,0
O01241,C0537,Passenger,2/1/2024 13:08,2,Airport,South,High,51.66,Web,0
O01242,C0550,Business,9/8/2025 22:16,1,Ctr,Riverside,Low,284.98,App,0
O01243,C0428,Retail,9/10/2025 8:14,12,EAST,Central,Medium,113.08,Web,1
O01244,C0279,Passenger,3/6/2025 6:32,24,AIRPORT,NORTH,High,58.93,Phone,0
O01245,C0237,Retail,10/5/2025 14:03,2,AIRPORT,Airport,High,24.93,App,1
O01246,C0198,Business,4/4/2024 0:51,4,Airport,North,Medium,60.45,App,0
O01247,C0397,Parcel,12/14/2024 22:10,4,Central,RiverSide,Low,23.58,Web,0
O01248,C0517,Retail,8/30/2024 17:16,24,South,RiverSide,Medium,28.17,App,0
O01249,C0572,Medical,8/25/2024 16:52,1,CENTRAL,RiverSide,High,188.73,Web,0
O01250,C0180,Retail,6/28/2024 7:38,1,NORTH,East,High,128.53,App,0
